filename,um_per_pixel,height,width,parent_id,patch_y,patch_x,class_histogram,split,dominant_class
micrograph0,0.0032679738562091,703.0,1024.0,micrograph0,,,,train,-1.0
micrograph1,0.0032679738562091,701.0,1021.0,micrograph1,,,,train,-1.0
micrograph10,0.0032679738562091,703.0,1024.0,micrograph10,,,,train,-1.0
micrograph11,0.0032679738562091,703.0,1024.0,micrograph11,,,,test,-1.0
micrograph12,0.0032679738562091,701.0,1021.0,micrograph12,,,,train,-1.0
micrograph13,0.0032679738562091,703.0,1024.0,micrograph13,,,,train,-1.0
micrograph14,0.0032679738562091,703.0,1024.0,micrograph14,,,,train,-1.0
micrograph15,0.0032679738562091,702.0,1024.0,micrograph15,,,,val,-1.0
micrograph16,0.0032679738562091,703.0,1024.0,micrograph16,,,,train,-1.0
micrograph17,0.0032679738562091,701.0,1021.0,micrograph17,,,,train,-1.0
micrograph18,0.0032679738562091,703.0,1024.0,micrograph18,,,,test,-1.0
micrograph19,0.0032679738562091,700.0,1021.0,micrograph19,,,,train,-1.0
micrograph2,0.0032679738562091,703.0,1024.0,micrograph2,,,,train,-1.0
micrograph20,0.0032679738562091,703.0,1024.0,micrograph20,,,,train,-1.0
micrograph21,0.0032679738562091,719.0,1028.0,micrograph21,,,,val,-1.0
micrograph22,0.0032679738562091,763.0,1091.0,micrograph22,,,,train,-1.0
micrograph23,0.0032679738562091,703.0,1024.0,micrograph23,,,,train,-1.0
micrograph24,0.0032679738562091,703.0,1024.0,micrograph24,,,,train,-1.0
micrograph25,0.0032679738562091,703.0,1024.0,micrograph25,,,,val,-1.0
micrograph26,0.0032679738562091,703.0,1024.0,micrograph26,,,,train,-1.0
micrograph27,0.0032679738562091,703.0,1024.0,micrograph27,,,,test,-1.0
micrograph28,0.0032679738562091,703.0,1024.0,micrograph28,,,,train,-1.0
micrograph29,0.0032679738562091,703.0,1024.0,micrograph29,,,,test,-1.0
micrograph3,0.0032679738562091,703.0,1024.0,micrograph3,,,,val,-1.0
micrograph30,0.0032679738562091,703.0,1024.0,micrograph30,,,,train,-1.0
micrograph31,0.0032679738562091,703.0,1024.0,micrograph31,,,,train,-1.0
micrograph32,0.0032679738562091,713.0,1020.0,micrograph32,,,,train,-1.0
micrograph33,0.0032679738562091,701.0,1021.0,micrograph33,,,,train,-1.0
micrograph34,0.0032679738562091,703.0,1024.0,micrograph34,,,,val,-1.0
micrograph35,0.0032679738562091,703.0,1024.0,micrograph35,,,,train,-1.0
micrograph36,0.0032679738562091,703.0,1024.0,micrograph36,,,,train,-1.0
micrograph37,0.0032679738562091,703.0,1024.0,micrograph37,,,,train,-1.0
micrograph38,0.0032679738562091,703.0,1024.0,micrograph38,,,,train,-1.0
micrograph39,0.0032679738562091,703.0,1024.0,micrograph39,,,,train,-1.0
micrograph4,0.0032679738562091,738.0,1056.0,micrograph4,,,,val,-1.0
micrograph40,0.0032679738562091,703.0,1024.0,micrograph40,,,,train,-1.0
micrograph41,0.0032679738562091,717.0,1025.0,micrograph41,,,,train,-1.0
micrograph5,0.0032679738562091,703.0,1024.0,micrograph5,,,,test,-1.0
micrograph6,0.0032679738562091,703.0,1024.0,micrograph6,,,,test,-1.0
micrograph7,0.0032679738562091,703.0,1024.0,micrograph7,,,,train,-1.0
micrograph8,0.0032679738562091,719.0,1028.0,micrograph8,,,,train,-1.0
micrograph9,0.0032679738562091,701.0,1021.0,micrograph9,,,,test,-1.0
micrograph0__y00000_x00000.png,0.0,256.0,256.0,micrograph0,0.0,0.0,"{""0"": 553, ""1"": 41616, ""2"": 13722, ""4"": 9645}",train,1.0
micrograph0__y00000_x00128.png,0.0,256.0,256.0,micrograph0,0.0,128.0,"{""0"": 525, ""1"": 38631, ""2"": 10728, ""4"": 15652}",train,1.0
micrograph0__y00000_x00256.png,0.0,256.0,256.0,micrograph0,0.0,256.0,"{""0"": 95, ""1"": 40643, ""2"": 18385, ""4"": 6413}",train,1.0
micrograph0__y00000_x00384.png,0.0,256.0,256.0,micrograph0,0.0,384.0,"{""0"": 407, ""1"": 42795, ""2"": 21928, ""4"": 406}",train,1.0
micrograph0__y00000_x00512.png,0.0,256.0,256.0,micrograph0,0.0,512.0,"{""0"": 375, ""1"": 44688, ""2"": 20473}",train,1.0
micrograph0__y00000_x00640.png,0.0,256.0,256.0,micrograph0,0.0,640.0,"{""1"": 33729, ""2"": 17211, ""3"": 14596}",train,1.0
micrograph0__y00000_x00768.png,0.0,256.0,256.0,micrograph0,0.0,768.0,"{""0"": 33, ""1"": 25873, ""2"": 17351, ""3"": 22279}",train,1.0
micrograph0__y00128_x00000.png,0.0,256.0,256.0,micrograph0,128.0,0.0,"{""0"": 509, ""1"": 35576, ""2"": 14083, ""3"": 7471, ""4"": 7897}",train,1.0
micrograph0__y00128_x00128.png,0.0,256.0,256.0,micrograph0,128.0,128.0,"{""0"": 494, ""1"": 39001, ""2"": 13804, ""3"": 2630, ""4"": 9607}",train,1.0
micrograph0__y00128_x00256.png,0.0,256.0,256.0,micrograph0,128.0,256.0,"{""0"": 76, ""1"": 43457, ""2"": 20244, ""3"": 2, ""4"": 1757}",train,1.0
micrograph0__y00128_x00384.png,0.0,256.0,256.0,micrograph0,128.0,384.0,"{""0"": 36, ""1"": 41287, ""2"": 22678, ""3"": 1488, ""4"": 47}",train,1.0
micrograph0__y00128_x00512.png,0.0,256.0,256.0,micrograph0,128.0,512.0,"{""0"": 36, ""1"": 35479, ""2"": 17948, ""3"": 12073}",train,1.0
micrograph0__y00128_x00640.png,0.0,256.0,256.0,micrograph0,128.0,640.0,"{""1"": 24954, ""2"": 13552, ""3"": 27030}",train,3.0
micrograph0__y00128_x00768.png,0.0,256.0,256.0,micrograph0,128.0,768.0,"{""1"": 31216, ""2"": 17667, ""3"": 16653}",train,1.0
micrograph0__y00256_x00000.png,0.0,256.0,256.0,micrograph0,256.0,0.0,"{""1"": 32279, ""2"": 14187, ""3"": 16529, ""4"": 2541}",train,1.0
micrograph0__y00256_x00128.png,0.0,256.0,256.0,micrograph0,256.0,128.0,"{""0"": 13, ""1"": 32116, ""2"": 12448, ""3"": 17632, ""4"": 3327}",train,1.0
micrograph0__y00256_x00256.png,0.0,256.0,256.0,micrograph0,256.0,256.0,"{""0"": 13, ""1"": 33828, ""2"": 15240, ""3"": 15669, ""4"": 786}",train,1.0
micrograph0__y00256_x00384.png,0.0,256.0,256.0,micrograph0,256.0,384.0,"{""1"": 28730, ""2"": 15909, ""3"": 20897}",train,1.0
micrograph0__y00256_x00512.png,0.0,256.0,256.0,micrograph0,256.0,512.0,"{""1"": 24442, ""2"": 14203, ""3"": 26891}",train,3.0
micrograph0__y00256_x00640.png,0.0,256.0,256.0,micrograph0,256.0,640.0,"{""0"": 157, ""1"": 29017, ""2"": 13699, ""3"": 22663}",train,1.0
micrograph0__y00256_x00768.png,0.0,256.0,256.0,micrograph0,256.0,768.0,"{""0"": 157, ""1"": 42606, ""2"": 14476, ""3"": 8297}",train,1.0
micrograph0__y00384_x00000.png,0.0,256.0,256.0,micrograph0,384.0,0.0,"{""1"": 40382, ""2"": 15567, ""3"": 9058, ""4"": 529}",train,1.0
micrograph0__y00384_x00128.png,0.0,256.0,256.0,micrograph0,384.0,128.0,"{""1"": 36323, ""2"": 13815, ""3"": 15002, ""4"": 396}",train,1.0
micrograph0__y00384_x00256.png,0.0,256.0,256.0,micrograph0,384.0,256.0,"{""1"": 34239, ""2"": 15630, ""3"": 15667}",train,1.0
micrograph0__y00384_x00384.png,0.0,256.0,256.0,micrograph0,384.0,384.0,"{""1"": 30227, ""2"": 15900, ""3"": 19409}",train,1.0
micrograph0__y00384_x00512.png,0.0,256.0,256.0,micrograph0,384.0,512.0,"{""1"": 32392, ""2"": 18326, ""3"": 14818}",train,1.0
micrograph0__y00384_x00640.png,0.0,256.0,256.0,micrograph0,384.0,640.0,"{""0"": 157, ""1"": 40351, ""2"": 21195, ""3"": 3833}",train,1.0
micrograph0__y00384_x00768.png,0.0,256.0,256.0,micrograph0,384.0,768.0,"{""0"": 157, ""1"": 46133, ""2"": 19194, ""3"": 52}",train,1.0
micrograph1__y00000_x00000.png,0.0,256.0,256.0,micrograph1,0.0,0.0,"{""0"": 156, ""1"": 31380, ""2"": 12541, ""4"": 21459}",train,1.0
micrograph1__y00000_x00128.png,0.0,256.0,256.0,micrograph1,0.0,128.0,"{""0"": 356, ""1"": 29290, ""2"": 11849, ""4"": 24041}",train,1.0
micrograph1__y00000_x00256.png,0.0,256.0,256.0,micrograph1,0.0,256.0,"{""0"": 714, ""1"": 32315, ""2"": 12613, ""3"": 3, ""4"": 19891}",train,1.0
micrograph1__y00000_x00384.png,0.0,256.0,256.0,micrograph1,0.0,384.0,"{""0"": 811, ""1"": 25179, ""2"": 17962, ""3"": 5936, ""4"": 15648}",train,1.0
micrograph1__y00000_x00512.png,0.0,256.0,256.0,micrograph1,0.0,512.0,"{""0"": 544, ""1"": 26155, ""2"": 18567, ""3"": 5933, ""4"": 14337}",train,1.0
micrograph1__y00000_x00640.png,0.0,256.0,256.0,micrograph1,0.0,640.0,"{""0"": 310, ""1"": 31870, ""2"": 11165, ""4"": 22191}",train,1.0
micrograph1__y00128_x00000.png,0.0,256.0,256.0,micrograph1,128.0,0.0,"{""0"": 190, ""1"": 30223, ""2"": 18325, ""4"": 16798}",train,1.0
micrograph1__y00128_x00128.png,0.0,256.0,256.0,micrograph1,128.0,128.0,"{""0"": 235, ""1"": 24816, ""2"": 12045, ""4"": 28440}",train,4.0
micrograph1__y00128_x00256.png,0.0,256.0,256.0,micrograph1,128.0,256.0,"{""0"": 370, ""1"": 26352, ""2"": 10894, ""3"": 2, ""4"": 27918}",train,4.0
micrograph1__y00128_x00384.png,0.0,256.0,256.0,micrograph1,128.0,384.0,"{""0"": 351, ""1"": 27349, ""2"": 16811, ""3"": 2659, ""4"": 18366}",train,1.0
micrograph1__y00128_x00512.png,0.0,256.0,256.0,micrograph1,128.0,512.0,"{""0"": 249, ""1"": 31026, ""2"": 17828, ""3"": 2657, ""4"": 13776}",train,1.0
micrograph1__y00128_x00640.png,0.0,256.0,256.0,micrograph1,128.0,640.0,"{""0"": 148, ""1"": 29810, ""2"": 11275, ""4"": 24303}",train,1.0
micrograph1__y00256_x00000.png,0.0,256.0,256.0,micrograph1,256.0,0.0,"{""0"": 34, ""1"": 32200, ""2"": 27172, ""4"": 6130}",train,1.0
micrograph1__y00256_x00128.png,0.0,256.0,256.0,micrograph1,256.0,128.0,"{""0"": 362, ""1"": 27757, ""2"": 18547, ""4"": 18870}",train,1.0
micrograph1__y00256_x00256.png,0.0,256.0,256.0,micrograph1,256.0,256.0,"{""0"": 395, ""1"": 29385, ""2"": 13795, ""4"": 21961}",train,1.0
micrograph1__y00256_x00384.png,0.0,256.0,256.0,micrograph1,256.0,384.0,"{""0"": 73, ""1"": 34363, ""2"": 19259, ""3"": 1332, ""4"": 10509}",train,1.0
micrograph1__y00256_x00512.png,0.0,256.0,256.0,micrograph1,256.0,512.0,"{""0"": 366, ""1"": 34580, ""2"": 22834, ""3"": 1332, ""4"": 6424}",train,1.0
micrograph1__y00256_x00640.png,0.0,256.0,256.0,micrograph1,256.0,640.0,"{""0"": 402, ""1"": 29493, ""2"": 16196, ""4"": 19445}",train,1.0
micrograph1__y00384_x00000.png,0.0,256.0,256.0,micrograph1,384.0,0.0,"{""0"": 181, ""1"": 34716, ""2"": 30639}",train,1.0
micrograph1__y00384_x00128.png,0.0,256.0,256.0,micrograph1,384.0,128.0,"{""0"": 317, ""1"": 28180, ""2"": 21271, ""4"": 15768}",train,1.0
micrograph1__y00384_x00256.png,0.0,256.0,256.0,micrograph1,384.0,256.0,"{""0"": 137, ""1"": 26858, ""2"": 12404, ""4"": 26137}",train,1.0
micrograph1__y00384_x00384.png,0.0,256.0,256.0,micrograph1,384.0,384.0,"{""0"": 7, ""1"": 29309, ""2"": 20809, ""3"": 4880, ""4"": 10531}",train,1.0
micrograph1__y00384_x00512.png,0.0,256.0,256.0,micrograph1,384.0,512.0,"{""0"": 345, ""1"": 27690, ""2"": 24186, ""3"": 4880, ""4"": 8435}",train,1.0
micrograph1__y00384_x00640.png,0.0,256.0,256.0,micrograph1,384.0,640.0,"{""0"": 371, ""1"": 23942, ""2"": 13998, ""4"": 27225}",train,4.0
micrograph10__y00000_x00000.png,0.0,256.0,256.0,micrograph10,0.0,0.0,"{""1"": 37203, ""2"": 18375, ""3"": 163, ""4"": 9795}",train,1.0
micrograph10__y00000_x00128.png,0.0,256.0,256.0,micrograph10,0.0,128.0,"{""1"": 37282, ""2"": 24293, ""4"": 3961}",train,1.0
micrograph10__y00000_x00256.png,0.0,256.0,256.0,micrograph10,0.0,256.0,"{""1"": 37326, ""2"": 28162, ""4"": 48}",train,1.0
micrograph10__y00000_x00384.png,0.0,256.0,256.0,micrograph10,0.0,384.0,"{""1"": 37088, ""2"": 28448}",train,1.0
micrograph10__y00000_x00512.png,0.0,256.0,256.0,micrograph10,0.0,512.0,"{""1"": 36098, ""2"": 29438}",train,1.0
micrograph10__y00000_x00640.png,0.0,256.0,256.0,micrograph10,0.0,640.0,"{""1"": 36148, ""2"": 29388}",train,1.0
micrograph10__y00000_x00768.png,0.0,256.0,256.0,micrograph10,0.0,768.0,"{""1"": 38667, ""2"": 26869}",train,1.0
micrograph10__y00128_x00000.png,0.0,256.0,256.0,micrograph10,128.0,0.0,"{""1"": 33448, ""2"": 20070, ""3"": 163, ""4"": 11855}",train,1.0
micrograph10__y00128_x00128.png,0.0,256.0,256.0,micrograph10,128.0,128.0,"{""1"": 32634, ""2"": 24477, ""3"": 328, ""4"": 8097}",train,1.0
micrograph10__y00128_x00256.png,0.0,256.0,256.0,micrograph10,128.0,256.0,"{""1"": 34794, ""2"": 26306, ""3"": 328, ""4"": 4108}",train,1.0
micrograph10__y00128_x00384.png,0.0,256.0,256.0,micrograph10,128.0,384.0,"{""1"": 36267, ""2"": 27634, ""4"": 1635}",train,1.0
micrograph10__y00128_x00512.png,0.0,256.0,256.0,micrograph10,128.0,512.0,"{""1"": 35070, ""2"": 26245, ""4"": 4221}",train,1.0
micrograph10__y00128_x00640.png,0.0,256.0,256.0,micrograph10,128.0,640.0,"{""1"": 37140, ""2"": 24130, ""4"": 4266}",train,1.0
micrograph10__y00128_x00768.png,0.0,256.0,256.0,micrograph10,128.0,768.0,"{""1"": 39730, ""2"": 24784, ""4"": 1022}",train,1.0
micrograph10__y00256_x00000.png,0.0,256.0,256.0,micrograph10,256.0,0.0,"{""1"": 35588, ""2"": 21139, ""4"": 8809}",train,1.0
micrograph10__y00256_x00128.png,0.0,256.0,256.0,micrograph10,256.0,128.0,"{""1"": 32150, ""2"": 23834, ""3"": 328, ""4"": 9224}",train,1.0
micrograph10__y00256_x00256.png,0.0,256.0,256.0,micrograph10,256.0,256.0,"{""1"": 34658, ""2"": 26451, ""3"": 328, ""4"": 4099}",train,1.0
micrograph10__y00256_x00384.png,0.0,256.0,256.0,micrograph10,256.0,384.0,"{""1"": 37138, ""2"": 24652, ""4"": 3746}",train,1.0
micrograph10__y00256_x00512.png,0.0,256.0,256.0,micrograph10,256.0,512.0,"{""1"": 35419, ""2"": 19792, ""4"": 10325}",train,1.0
micrograph10__y00256_x00640.png,0.0,256.0,256.0,micrograph10,256.0,640.0,"{""1"": 39285, ""2"": 16391, ""4"": 9860}",train,1.0
micrograph10__y00256_x00768.png,0.0,256.0,256.0,micrograph10,256.0,768.0,"{""1"": 43434, ""2"": 19479, ""4"": 2623}",train,1.0
micrograph10__y00384_x00000.png,0.0,256.0,256.0,micrograph10,384.0,0.0,"{""1"": 34517, ""2"": 15563, ""4"": 15456}",train,1.0
micrograph10__y00384_x00128.png,0.0,256.0,256.0,micrograph10,384.0,128.0,"{""1"": 32343, ""2"": 18750, ""4"": 14443}",train,1.0
micrograph10__y00384_x00256.png,0.0,256.0,256.0,micrograph10,384.0,256.0,"{""1"": 35929, ""2"": 21861, ""4"": 7746}",train,1.0
micrograph10__y00384_x00384.png,0.0,256.0,256.0,micrograph10,384.0,384.0,"{""1"": 38650, ""2"": 23469, ""4"": 3417}",train,1.0
micrograph10__y00384_x00512.png,0.0,256.0,256.0,micrograph10,384.0,512.0,"{""1"": 36019, ""2"": 20816, ""4"": 8701}",train,1.0
micrograph10__y00384_x00640.png,0.0,256.0,256.0,micrograph10,384.0,640.0,"{""1"": 39034, ""2"": 15129, ""4"": 11373}",train,1.0
micrograph10__y00384_x00768.png,0.0,256.0,256.0,micrograph10,384.0,768.0,"{""1"": 42774, ""2"": 17979, ""4"": 4783}",train,1.0
micrograph11__y00000_x00000.png,0.0,256.0,256.0,micrograph11,0.0,0.0,"{""1"": 39291, ""2"": 26245}",test,1.0
micrograph11__y00000_x00128.png,0.0,256.0,256.0,micrograph11,0.0,128.0,"{""1"": 33304, ""2"": 25239, ""4"": 6993}",test,1.0
micrograph11__y00000_x00256.png,0.0,256.0,256.0,micrograph11,0.0,256.0,"{""1"": 29224, ""2"": 22424, ""4"": 13888}",test,1.0
micrograph11__y00000_x00384.png,0.0,256.0,256.0,micrograph11,0.0,384.0,"{""1"": 31474, ""2"": 25307, ""4"": 8755}",test,1.0
micrograph11__y00000_x00512.png,0.0,256.0,256.0,micrograph11,0.0,512.0,"{""1"": 39458, ""2"": 24218, ""4"": 1860}",test,1.0
micrograph11__y00000_x00640.png,0.0,256.0,256.0,micrograph11,0.0,640.0,"{""1"": 40759, ""2"": 21120, ""4"": 3657}",test,1.0
micrograph11__y00000_x00768.png,0.0,256.0,256.0,micrograph11,0.0,768.0,"{""1"": 39595, ""2"": 22284, ""4"": 3657}",test,1.0
micrograph11__y00128_x00000.png,0.0,256.0,256.0,micrograph11,128.0,0.0,"{""1"": 38455, ""2"": 27081}",test,1.0
micrograph11__y00128_x00128.png,0.0,256.0,256.0,micrograph11,128.0,128.0,"{""1"": 36897, ""2"": 28155, ""4"": 484}",test,1.0
micrograph11__y00128_x00256.png,0.0,256.0,256.0,micrograph11,128.0,256.0,"{""1"": 34906, ""2"": 28566, ""4"": 2064}",test,1.0
micrograph11__y00128_x00384.png,0.0,256.0,256.0,micrograph11,128.0,384.0,"{""1"": 36185, ""2"": 27366, ""4"": 1985}",test,1.0
micrograph11__y00128_x00512.png,0.0,256.0,256.0,micrograph11,128.0,512.0,"{""1"": 40984, ""2"": 24147, ""4"": 405}",test,1.0
micrograph11__y00128_x00640.png,0.0,256.0,256.0,micrograph11,128.0,640.0,"{""1"": 37174, ""2"": 18643, ""4"": 9719}",test,1.0
micrograph11__y00128_x00768.png,0.0,256.0,256.0,micrograph11,128.0,768.0,"{""1"": 37500, ""2"": 18167, ""4"": 9869}",test,1.0
micrograph11__y00256_x00000.png,0.0,256.0,256.0,micrograph11,256.0,0.0,"{""1"": 36915, ""2"": 28621}",test,1.0
micrograph11__y00256_x00128.png,0.0,256.0,256.0,micrograph11,256.0,128.0,"{""1"": 36656, ""2"": 28880}",test,1.0
micrograph11__y00256_x00256.png,0.0,256.0,256.0,micrograph11,256.0,256.0,"{""1"": 35041, ""2"": 29850, ""4"": 645}",test,1.0
micrograph11__y00256_x00384.png,0.0,256.0,256.0,micrograph11,256.0,384.0,"{""1"": 38013, ""2"": 24709, ""4"": 2814}",test,1.0
micrograph11__y00256_x00512.png,0.0,256.0,256.0,micrograph11,256.0,512.0,"{""1"": 40367, ""2"": 23000, ""4"": 2169}",test,1.0
micrograph11__y00256_x00640.png,0.0,256.0,256.0,micrograph11,256.0,640.0,"{""1"": 34229, ""2"": 20415, ""4"": 10892}",test,1.0
micrograph11__y00256_x00768.png,0.0,256.0,256.0,micrograph11,256.0,768.0,"{""1"": 34891, ""2"": 16753, ""4"": 13892}",test,1.0
micrograph11__y00384_x00000.png,0.0,256.0,256.0,micrograph11,384.0,0.0,"{""1"": 34176, ""2"": 31360}",test,1.0
micrograph11__y00384_x00128.png,0.0,256.0,256.0,micrograph11,384.0,128.0,"{""1"": 34140, ""2"": 31396}",test,1.0
micrograph11__y00384_x00256.png,0.0,256.0,256.0,micrograph11,384.0,256.0,"{""1"": 32552, ""2"": 32332, ""4"": 652}",test,1.0
micrograph11__y00384_x00384.png,0.0,256.0,256.0,micrograph11,384.0,384.0,"{""1"": 36063, ""2"": 26814, ""4"": 2659}",test,1.0
micrograph11__y00384_x00512.png,0.0,256.0,256.0,micrograph11,384.0,512.0,"{""1"": 40496, ""2"": 23033, ""4"": 2007}",test,1.0
micrograph11__y00384_x00640.png,0.0,256.0,256.0,micrograph11,384.0,640.0,"{""1"": 37338, ""2"": 22194, ""4"": 6004}",test,1.0
micrograph11__y00384_x00768.png,0.0,256.0,256.0,micrograph11,384.0,768.0,"{""1"": 34868, ""2"": 20853, ""4"": 9815}",test,1.0
micrograph12__y00000_x00000.png,0.0,256.0,256.0,micrograph12,0.0,0.0,"{""1"": 39464, ""2"": 22216, ""4"": 3856}",train,1.0
micrograph12__y00000_x00128.png,0.0,256.0,256.0,micrograph12,0.0,128.0,"{""1"": 40369, ""2"": 16088, ""4"": 9079}",train,1.0
micrograph12__y00000_x00256.png,0.0,256.0,256.0,micrograph12,0.0,256.0,"{""1"": 37328, ""2"": 14340, ""4"": 13868}",train,1.0
micrograph12__y00000_x00384.png,0.0,256.0,256.0,micrograph12,0.0,384.0,"{""1"": 38549, ""2"": 18974, ""4"": 8013}",train,1.0
micrograph12__y00000_x00512.png,0.0,256.0,256.0,micrograph12,0.0,512.0,"{""1"": 41874, ""2"": 22306, ""4"": 1356}",train,1.0
micrograph12__y00000_x00640.png,0.0,256.0,256.0,micrograph12,0.0,640.0,"{""1"": 39369, ""2"": 22379, ""4"": 3788}",train,1.0
micrograph12__y00128_x00000.png,0.0,256.0,256.0,micrograph12,128.0,0.0,"{""1"": 38002, ""2"": 22953, ""4"": 4581}",train,1.0
micrograph12__y00128_x00128.png,0.0,256.0,256.0,micrograph12,128.0,128.0,"{""1"": 36639, ""2"": 17541, ""4"": 11356}",train,1.0
micrograph12__y00128_x00256.png,0.0,256.0,256.0,micrograph12,128.0,256.0,"{""1"": 31874, ""2"": 13311, ""4"": 20351}",train,1.0
micrograph12__y00128_x00384.png,0.0,256.0,256.0,micrograph12,128.0,384.0,"{""1"": 34481, ""2"": 14380, ""4"": 16675}",train,1.0
micrograph12__y00128_x00512.png,0.0,256.0,256.0,micrograph12,128.0,512.0,"{""1"": 39887, ""2"": 18383, ""4"": 7266}",train,1.0
micrograph12__y00128_x00640.png,0.0,256.0,256.0,micrograph12,128.0,640.0,"{""1"": 38119, ""2"": 18683, ""4"": 8734}",train,1.0
micrograph12__y00256_x00000.png,0.0,256.0,256.0,micrograph12,256.0,0.0,"{""1"": 35198, ""2"": 23948, ""4"": 6390}",train,1.0
micrograph12__y00256_x00128.png,0.0,256.0,256.0,micrograph12,256.0,128.0,"{""1"": 34277, ""2"": 23581, ""4"": 7678}",train,1.0
micrograph12__y00256_x00256.png,0.0,256.0,256.0,micrograph12,256.0,256.0,"{""1"": 32603, ""2"": 15420, ""4"": 17513}",train,1.0
micrograph12__y00256_x00384.png,0.0,256.0,256.0,micrograph12,256.0,384.0,"{""1"": 36112, ""2"": 13480, ""4"": 15944}",train,1.0
micrograph12__y00256_x00512.png,0.0,256.0,256.0,micrograph12,256.0,512.0,"{""1"": 40186, ""2"": 18010, ""4"": 7340}",train,1.0
micrograph12__y00256_x00640.png,0.0,256.0,256.0,micrograph12,256.0,640.0,"{""1"": 37697, ""2"": 16957, ""4"": 10882}",train,1.0
micrograph12__y00384_x00000.png,0.0,256.0,256.0,micrograph12,384.0,0.0,"{""1"": 34481, ""2"": 26100, ""4"": 4955}",train,1.0
micrograph12__y00384_x00128.png,0.0,256.0,256.0,micrograph12,384.0,128.0,"{""1"": 34668, ""2"": 29179, ""4"": 1689}",train,1.0
micrograph12__y00384_x00256.png,0.0,256.0,256.0,micrograph12,384.0,256.0,"{""1"": 34823, ""2"": 23745, ""4"": 6968}",train,1.0
micrograph12__y00384_x00384.png,0.0,256.0,256.0,micrograph12,384.0,384.0,"{""1"": 36823, ""2"": 22415, ""4"": 6298}",train,1.0
micrograph12__y00384_x00512.png,0.0,256.0,256.0,micrograph12,384.0,512.0,"{""1"": 37637, ""2"": 23617, ""4"": 4282}",train,1.0
micrograph12__y00384_x00640.png,0.0,256.0,256.0,micrograph12,384.0,640.0,"{""1"": 33877, ""2"": 20046, ""4"": 11613}",train,1.0
micrograph13__y00000_x00000.png,0.0,256.0,256.0,micrograph13,0.0,0.0,"{""1"": 36629, ""2"": 25148, ""4"": 3759}",train,1.0
micrograph13__y00000_x00128.png,0.0,256.0,256.0,micrograph13,0.0,128.0,"{""1"": 36362, ""2"": 29174}",train,1.0
micrograph13__y00000_x00256.png,0.0,256.0,256.0,micrograph13,0.0,256.0,"{""1"": 37311, ""2"": 28225}",train,1.0
micrograph13__y00000_x00384.png,0.0,256.0,256.0,micrograph13,0.0,384.0,"{""1"": 37747, ""2"": 25772, ""4"": 2017}",train,1.0
micrograph13__y00000_x00512.png,0.0,256.0,256.0,micrograph13,0.0,512.0,"{""1"": 36954, ""2"": 23304, ""4"": 5278}",train,1.0
micrograph13__y00000_x00640.png,0.0,256.0,256.0,micrograph13,0.0,640.0,"{""1"": 34538, ""2"": 21530, ""4"": 9468}",train,1.0
micrograph13__y00000_x00768.png,0.0,256.0,256.0,micrograph13,0.0,768.0,"{""1"": 34010, ""2"": 24621, ""4"": 6905}",train,1.0
micrograph13__y00128_x00000.png,0.0,256.0,256.0,micrograph13,128.0,0.0,"{""1"": 39462, ""2"": 19577, ""4"": 6497}",train,1.0
micrograph13__y00128_x00128.png,0.0,256.0,256.0,micrograph13,128.0,128.0,"{""1"": 38660, ""2"": 20899, ""4"": 5977}",train,1.0
micrograph13__y00128_x00256.png,0.0,256.0,256.0,micrograph13,128.0,256.0,"{""1"": 38381, ""2"": 22616, ""4"": 4539}",train,1.0
micrograph13__y00128_x00384.png,0.0,256.0,256.0,micrograph13,128.0,384.0,"{""1"": 38815, ""2"": 23577, ""4"": 3144}",train,1.0
micrograph13__y00128_x00512.png,0.0,256.0,256.0,micrograph13,128.0,512.0,"{""1"": 39164, ""2"": 21841, ""4"": 4531}",train,1.0
micrograph13__y00128_x00640.png,0.0,256.0,256.0,micrograph13,128.0,640.0,"{""1"": 37941, ""2"": 19046, ""4"": 8549}",train,1.0
micrograph13__y00128_x00768.png,0.0,256.0,256.0,micrograph13,128.0,768.0,"{""1"": 34768, ""2"": 18366, ""4"": 12402}",train,1.0
micrograph13__y00256_x00000.png,0.0,256.0,256.0,micrograph13,256.0,0.0,"{""1"": 36516, ""2"": 14813, ""4"": 14207}",train,1.0
micrograph13__y00256_x00128.png,0.0,256.0,256.0,micrograph13,256.0,128.0,"{""1"": 34627, ""2"": 12469, ""4"": 18440}",train,1.0
micrograph13__y00256_x00256.png,0.0,256.0,256.0,micrograph13,256.0,256.0,"{""1"": 33678, ""2"": 16250, ""4"": 15608}",train,1.0
micrograph13__y00256_x00384.png,0.0,256.0,256.0,micrograph13,256.0,384.0,"{""1"": 37676, ""2"": 22330, ""4"": 5530}",train,1.0
micrograph13__y00256_x00512.png,0.0,256.0,256.0,micrograph13,256.0,512.0,"{""1"": 40043, ""2"": 22077, ""4"": 3416}",train,1.0
micrograph13__y00256_x00640.png,0.0,256.0,256.0,micrograph13,256.0,640.0,"{""1"": 41041, ""2"": 20563, ""4"": 3932}",train,1.0
micrograph13__y00256_x00768.png,0.0,256.0,256.0,micrograph13,256.0,768.0,"{""1"": 37031, ""2"": 15969, ""4"": 12536}",train,1.0
micrograph13__y00384_x00000.png,0.0,256.0,256.0,micrograph13,384.0,0.0,"{""1"": 38897, ""2"": 16923, ""4"": 9716}",train,1.0
micrograph13__y00384_x00128.png,0.0,256.0,256.0,micrograph13,384.0,128.0,"{""1"": 35892, ""2"": 15471, ""4"": 14173}",train,1.0
micrograph13__y00384_x00256.png,0.0,256.0,256.0,micrograph13,384.0,256.0,"{""1"": 33564, ""2"": 19373, ""4"": 12599}",train,1.0
micrograph13__y00384_x00384.png,0.0,256.0,256.0,micrograph13,384.0,384.0,"{""1"": 37063, ""2"": 25886, ""4"": 2587}",train,1.0
micrograph13__y00384_x00512.png,0.0,256.0,256.0,micrograph13,384.0,512.0,"{""1"": 38227, ""2"": 26864, ""4"": 445}",train,1.0
micrograph13__y00384_x00640.png,0.0,256.0,256.0,micrograph13,384.0,640.0,"{""1"": 37942, ""2"": 27280, ""4"": 314}",train,1.0
micrograph13__y00384_x00768.png,0.0,256.0,256.0,micrograph13,384.0,768.0,"{""1"": 36716, ""2"": 22391, ""4"": 6429}",train,1.0
micrograph14__y00000_x00000.png,0.0,256.0,256.0,micrograph14,0.0,0.0,"{""1"": 32531, ""2"": 10804, ""4"": 22201}",train,1.0
micrograph14__y00000_x00128.png,0.0,256.0,256.0,micrograph14,0.0,128.0,"{""1"": 35207, ""2"": 9610, ""4"": 20719}",train,1.0
micrograph14__y00000_x00256.png,0.0,256.0,256.0,micrograph14,0.0,256.0,"{""1"": 40480, ""2"": 12616, ""4"": 12440}",train,1.0
micrograph14__y00000_x00384.png,0.0,256.0,256.0,micrograph14,0.0,384.0,"{""1"": 34108, ""2"": 9855, ""4"": 21573}",train,1.0
micrograph14__y00000_x00512.png,0.0,256.0,256.0,micrograph14,0.0,512.0,"{""1"": 33259, ""2"": 11301, ""4"": 20976}",train,1.0
micrograph14__y00000_x00640.png,0.0,256.0,256.0,micrograph14,0.0,640.0,"{""1"": 41631, ""2"": 14915, ""4"": 8990}",train,1.0
micrograph14__y00000_x00768.png,0.0,256.0,256.0,micrograph14,0.0,768.0,"{""1"": 40974, ""2"": 13635, ""4"": 10927}",train,1.0
micrograph14__y00128_x00000.png,0.0,256.0,256.0,micrograph14,128.0,0.0,"{""1"": 32481, ""2"": 13688, ""4"": 19367}",train,1.0
micrograph14__y00128_x00128.png,0.0,256.0,256.0,micrograph14,128.0,128.0,"{""0"": 68, ""1"": 32802, ""2"": 10628, ""4"": 22038}",train,1.0
micrograph14__y00128_x00256.png,0.0,256.0,256.0,micrograph14,128.0,256.0,"{""0"": 187, ""1"": 38414, ""2"": 11723, ""4"": 15212}",train,1.0
micrograph14__y00128_x00384.png,0.0,256.0,256.0,micrograph14,128.0,384.0,"{""0"": 119, ""1"": 38793, ""2"": 13409, ""4"": 13215}",train,1.0
micrograph14__y00128_x00512.png,0.0,256.0,256.0,micrograph14,128.0,512.0,"{""0"": 2, ""1"": 37929, ""2"": 13808, ""4"": 13797}",train,1.0
micrograph14__y00128_x00640.png,0.0,256.0,256.0,micrograph14,128.0,640.0,"{""0"": 2, ""1"": 34897, ""2"": 10939, ""4"": 19698}",train,1.0
micrograph14__y00128_x00768.png,0.0,256.0,256.0,micrograph14,128.0,768.0,"{""1"": 38834, ""2"": 12038, ""4"": 14664}",train,1.0
micrograph14__y00256_x00000.png,0.0,256.0,256.0,micrograph14,256.0,0.0,"{""1"": 44100, ""2"": 20089, ""4"": 1347}",train,1.0
micrograph14__y00256_x00128.png,0.0,256.0,256.0,micrograph14,256.0,128.0,"{""0"": 848, ""1"": 40286, ""2"": 20061, ""4"": 4341}",train,1.0
micrograph14__y00256_x00256.png,0.0,256.0,256.0,micrograph14,256.0,256.0,"{""0"": 970, ""1"": 40462, ""2"": 21110, ""4"": 2994}",train,1.0
micrograph14__y00256_x00384.png,0.0,256.0,256.0,micrograph14,256.0,384.0,"{""0"": 400, ""1"": 42648, ""2"": 22488}",train,1.0
micrograph14__y00256_x00512.png,0.0,256.0,256.0,micrograph14,256.0,512.0,"{""0"": 820, ""1"": 38191, ""2"": 22806, ""4"": 3719}",train,1.0
micrograph14__y00256_x00640.png,0.0,256.0,256.0,micrograph14,256.0,640.0,"{""0"": 1162, ""1"": 29631, ""2"": 17233, ""4"": 17510}",train,1.0
micrograph14__y00256_x00768.png,0.0,256.0,256.0,micrograph14,256.0,768.0,"{""0"": 624, ""1"": 35349, ""2"": 13449, ""4"": 16114}",train,1.0
micrograph14__y00384_x00000.png,0.0,256.0,256.0,micrograph14,384.0,0.0,"{""1"": 41505, ""2"": 19279, ""4"": 4752}",train,1.0
micrograph14__y00384_x00128.png,0.0,256.0,256.0,micrograph14,384.0,128.0,"{""0"": 780, ""1"": 39778, ""2"": 18826, ""4"": 6152}",train,1.0
micrograph14__y00384_x00256.png,0.0,256.0,256.0,micrograph14,384.0,256.0,"{""0"": 783, ""1"": 42302, ""2"": 21051, ""4"": 1400}",train,1.0
micrograph14__y00384_x00384.png,0.0,256.0,256.0,micrograph14,384.0,384.0,"{""0"": 281, ""1"": 43401, ""2"": 21854}",train,1.0
micrograph14__y00384_x00512.png,0.0,256.0,256.0,micrograph14,384.0,512.0,"{""0"": 818, ""1"": 40965, ""2"": 21770, ""4"": 1983}",train,1.0
micrograph14__y00384_x00640.png,0.0,256.0,256.0,micrograph14,384.0,640.0,"{""0"": 1160, ""1"": 35662, ""2"": 18410, ""4"": 10304}",train,1.0
micrograph14__y00384_x00768.png,0.0,256.0,256.0,micrograph14,384.0,768.0,"{""0"": 631, ""1"": 35934, ""2"": 17613, ""4"": 11358}",train,1.0
micrograph15__y00000_x00000.png,0.0,256.0,256.0,micrograph15,0.0,0.0,"{""1"": 40355, ""2"": 16514, ""4"": 8667}",val,1.0
micrograph15__y00000_x00128.png,0.0,256.0,256.0,micrograph15,0.0,128.0,"{""1"": 36261, ""2"": 15337, ""4"": 13938}",val,1.0
micrograph15__y00000_x00256.png,0.0,256.0,256.0,micrograph15,0.0,256.0,"{""1"": 35330, ""2"": 17097, ""4"": 13109}",val,1.0
micrograph15__y00000_x00384.png,0.0,256.0,256.0,micrograph15,0.0,384.0,"{""1"": 37676, ""2"": 19232, ""4"": 8628}",val,1.0
micrograph15__y00000_x00512.png,0.0,256.0,256.0,micrograph15,0.0,512.0,"{""1"": 41179, ""2"": 22376, ""4"": 1981}",val,1.0
micrograph15__y00000_x00640.png,0.0,256.0,256.0,micrograph15,0.0,640.0,"{""1"": 33898, ""2"": 14955, ""4"": 16683}",val,1.0
micrograph15__y00000_x00768.png,0.0,256.0,256.0,micrograph15,0.0,768.0,"{""1"": 28983, ""2"": 10921, ""4"": 25632}",val,1.0
micrograph15__y00128_x00000.png,0.0,256.0,256.0,micrograph15,128.0,0.0,"{""1"": 38606, ""2"": 22454, ""4"": 4476}",val,1.0
micrograph15__y00128_x00128.png,0.0,256.0,256.0,micrograph15,128.0,128.0,"{""1"": 36186, ""2"": 22300, ""4"": 7050}",val,1.0
micrograph15__y00128_x00256.png,0.0,256.0,256.0,micrograph15,128.0,256.0,"{""1"": 34494, ""2"": 20175, ""4"": 10867}",val,1.0
micrograph15__y00128_x00384.png,0.0,256.0,256.0,micrograph15,128.0,384.0,"{""1"": 35232, ""2"": 17792, ""4"": 12512}",val,1.0
micrograph15__y00128_x00512.png,0.0,256.0,256.0,micrograph15,128.0,512.0,"{""1"": 37836, ""2"": 17979, ""4"": 9721}",val,1.0
micrograph15__y00128_x00640.png,0.0,256.0,256.0,micrograph15,128.0,640.0,"{""1"": 35147, ""2"": 15628, ""4"": 14761}",val,1.0
micrograph15__y00128_x00768.png,0.0,256.0,256.0,micrograph15,128.0,768.0,"{""1"": 35503, ""2"": 17528, ""4"": 12505}",val,1.0
micrograph15__y00256_x00000.png,0.0,256.0,256.0,micrograph15,256.0,0.0,"{""1"": 38406, ""2"": 27130}",val,1.0
micrograph15__y00256_x00128.png,0.0,256.0,256.0,micrograph15,256.0,128.0,"{""1"": 38202, ""2"": 27334}",val,1.0
micrograph15__y00256_x00256.png,0.0,256.0,256.0,micrograph15,256.0,256.0,"{""1"": 37650, ""2"": 26850, ""4"": 1036}",val,1.0
micrograph15__y00256_x00384.png,0.0,256.0,256.0,micrograph15,256.0,384.0,"{""1"": 35893, ""2"": 20294, ""4"": 9349}",val,1.0
micrograph15__y00256_x00512.png,0.0,256.0,256.0,micrograph15,256.0,512.0,"{""1"": 35996, ""2"": 14245, ""4"": 15295}",val,1.0
micrograph15__y00256_x00640.png,0.0,256.0,256.0,micrograph15,256.0,640.0,"{""1"": 37128, ""2"": 19055, ""4"": 9353}",val,1.0
micrograph15__y00256_x00768.png,0.0,256.0,256.0,micrograph15,256.0,768.0,"{""1"": 36019, ""2"": 19088, ""4"": 10429}",val,1.0
micrograph15__y00384_x00000.png,0.0,256.0,256.0,micrograph15,384.0,0.0,"{""1"": 39410, ""2"": 26126}",val,1.0
micrograph15__y00384_x00128.png,0.0,256.0,256.0,micrograph15,384.0,128.0,"{""1"": 39220, ""2"": 26316}",val,1.0
micrograph15__y00384_x00256.png,0.0,256.0,256.0,micrograph15,384.0,256.0,"{""1"": 40433, ""2"": 25103}",val,1.0
micrograph15__y00384_x00384.png,0.0,256.0,256.0,micrograph15,384.0,384.0,"{""1"": 37030, ""2"": 21901, ""4"": 6605}",val,1.0
micrograph15__y00384_x00512.png,0.0,256.0,256.0,micrograph15,384.0,512.0,"{""1"": 37289, ""2"": 15850, ""4"": 12397}",val,1.0
micrograph15__y00384_x00640.png,0.0,256.0,256.0,micrograph15,384.0,640.0,"{""1"": 41138, ""2"": 17336, ""4"": 7062}",val,1.0
micrograph15__y00384_x00768.png,0.0,256.0,256.0,micrograph15,384.0,768.0,"{""1"": 37259, ""2"": 15870, ""4"": 12407}",val,1.0
micrograph16__y00000_x00000.png,0.0,256.0,256.0,micrograph16,0.0,0.0,"{""1"": 35370, ""2"": 16339, ""4"": 13827}",train,1.0
micrograph16__y00000_x00128.png,0.0,256.0,256.0,micrograph16,0.0,128.0,"{""1"": 37086, ""2"": 17555, ""4"": 10895}",train,1.0
micrograph16__y00000_x00256.png,0.0,256.0,256.0,micrograph16,0.0,256.0,"{""1"": 41310, ""2"": 18736, ""4"": 5490}",train,1.0
micrograph16__y00000_x00384.png,0.0,256.0,256.0,micrograph16,0.0,384.0,"{""1"": 39796, ""2"": 19329, ""4"": 6411}",train,1.0
micrograph16__y00000_x00512.png,0.0,256.0,256.0,micrograph16,0.0,512.0,"{""1"": 35067, ""2"": 24346, ""4"": 6123}",train,1.0
micrograph16__y00000_x00640.png,0.0,256.0,256.0,micrograph16,0.0,640.0,"{""1"": 35591, ""2"": 29945}",train,1.0
micrograph16__y00000_x00768.png,0.0,256.0,256.0,micrograph16,0.0,768.0,"{""1"": 33723, ""2"": 27003, ""4"": 4810}",train,1.0
micrograph16__y00128_x00000.png,0.0,256.0,256.0,micrograph16,128.0,0.0,"{""1"": 37332, ""2"": 22843, ""3"": 406, ""4"": 4955}",train,1.0
micrograph16__y00128_x00128.png,0.0,256.0,256.0,micrograph16,128.0,128.0,"{""1"": 38142, ""2"": 20671, ""4"": 6723}",train,1.0
micrograph16__y00128_x00256.png,0.0,256.0,256.0,micrograph16,128.0,256.0,"{""1"": 42577, ""2"": 20165, ""4"": 2794}",train,1.0
micrograph16__y00128_x00384.png,0.0,256.0,256.0,micrograph16,128.0,384.0,"{""1"": 36725, ""2"": 15771, ""4"": 13040}",train,1.0
micrograph16__y00128_x00512.png,0.0,256.0,256.0,micrograph16,128.0,512.0,"{""1"": 32763, ""2"": 20420, ""4"": 12353}",train,1.0
micrograph16__y00128_x00640.png,0.0,256.0,256.0,micrograph16,128.0,640.0,"{""1"": 37485, ""2"": 27727, ""4"": 324}",train,1.0
micrograph16__y00128_x00768.png,0.0,256.0,256.0,micrograph16,128.0,768.0,"{""1"": 36465, ""2"": 27233, ""4"": 1838}",train,1.0
micrograph16__y00256_x00000.png,0.0,256.0,256.0,micrograph16,256.0,0.0,"{""1"": 35287, ""2"": 26007, ""3"": 406, ""4"": 3836}",train,1.0
micrograph16__y00256_x00128.png,0.0,256.0,256.0,micrograph16,256.0,128.0,"{""1"": 37253, ""2"": 21343, ""4"": 6940}",train,1.0
micrograph16__y00256_x00256.png,0.0,256.0,256.0,micrograph16,256.0,256.0,"{""1"": 41038, ""2"": 20688, ""4"": 3810}",train,1.0
micrograph16__y00256_x00384.png,0.0,256.0,256.0,micrograph16,256.0,384.0,"{""1"": 35388, ""2"": 16966, ""4"": 13182}",train,1.0
micrograph16__y00256_x00512.png,0.0,256.0,256.0,micrograph16,256.0,512.0,"{""1"": 33070, ""2"": 19305, ""4"": 13161}",train,1.0
micrograph16__y00256_x00640.png,0.0,256.0,256.0,micrograph16,256.0,640.0,"{""1"": 34723, ""2"": 21546, ""4"": 9267}",train,1.0
micrograph16__y00256_x00768.png,0.0,256.0,256.0,micrograph16,256.0,768.0,"{""1"": 33896, ""2"": 21385, ""4"": 10255}",train,1.0
micrograph16__y00384_x00000.png,0.0,256.0,256.0,micrograph16,384.0,0.0,"{""1"": 37736, ""2"": 24852, ""4"": 2948}",train,1.0
micrograph16__y00384_x00128.png,0.0,256.0,256.0,micrograph16,384.0,128.0,"{""1"": 36441, ""2"": 22163, ""4"": 6932}",train,1.0
micrograph16__y00384_x00256.png,0.0,256.0,256.0,micrograph16,384.0,256.0,"{""1"": 38265, ""2"": 22714, ""4"": 4557}",train,1.0
micrograph16__y00384_x00384.png,0.0,256.0,256.0,micrograph16,384.0,384.0,"{""1"": 40465, ""2"": 22531, ""4"": 2540}",train,1.0
micrograph16__y00384_x00512.png,0.0,256.0,256.0,micrograph16,384.0,512.0,"{""1"": 38410, ""2"": 24493, ""4"": 2633}",train,1.0
micrograph16__y00384_x00640.png,0.0,256.0,256.0,micrograph16,384.0,640.0,"{""1"": 30339, ""2"": 20055, ""4"": 15142}",train,1.0
micrograph16__y00384_x00768.png,0.0,256.0,256.0,micrograph16,384.0,768.0,"{""1"": 23003, ""2"": 12593, ""4"": 29940}",train,4.0
micrograph17__y00000_x00000.png,0.0,256.0,256.0,micrograph17,0.0,0.0,"{""0"": 198, ""1"": 30681, ""2"": 28188, ""4"": 6469}",train,1.0
micrograph17__y00000_x00128.png,0.0,256.0,256.0,micrograph17,0.0,128.0,"{""0"": 111, ""1"": 31246, ""2"": 32320, ""3"": 1859}",train,2.0
micrograph17__y00000_x00256.png,0.0,256.0,256.0,micrograph17,0.0,256.0,"{""1"": 27548, ""2"": 30247, ""3"": 3687, ""4"": 4054}",train,2.0
micrograph17__y00000_x00384.png,0.0,256.0,256.0,micrograph17,0.0,384.0,"{""0"": 99, ""1"": 24311, ""2"": 19352, ""3"": 1828, ""4"": 19946}",train,1.0
micrograph17__y00000_x00512.png,0.0,256.0,256.0,micrograph17,0.0,512.0,"{""0"": 253, ""1"": 28744, ""2"": 15059, ""4"": 21480}",train,1.0
micrograph17__y00000_x00640.png,0.0,256.0,256.0,micrograph17,0.0,640.0,"{""0"": 659, ""1"": 35511, ""2"": 23016, ""4"": 6350}",train,1.0
micrograph17__y00128_x00000.png,0.0,256.0,256.0,micrograph17,128.0,0.0,"{""0"": 215, ""1"": 29061, ""2"": 27992, ""4"": 8268}",train,1.0
micrograph17__y00128_x00128.png,0.0,256.0,256.0,micrograph17,128.0,128.0,"{""0"": 229, ""1"": 32548, ""2"": 31476, ""3"": 1283}",train,1.0
micrograph17__y00128_x00256.png,0.0,256.0,256.0,micrograph17,128.0,256.0,"{""0"": 14, ""1"": 28756, ""2"": 28803, ""3"": 4453, ""4"": 3510}",train,2.0
micrograph17__y00128_x00384.png,0.0,256.0,256.0,micrograph17,128.0,384.0,"{""1"": 25481, ""2"": 20778, ""3"": 3170, ""4"": 16107}",train,1.0
micrograph17__y00128_x00512.png,0.0,256.0,256.0,micrograph17,128.0,512.0,"{""0"": 170, ""1"": 27653, ""2"": 16312, ""4"": 21401}",train,1.0
micrograph17__y00128_x00640.png,0.0,256.0,256.0,micrograph17,128.0,640.0,"{""0"": 877, ""1"": 34045, ""2"": 21810, ""4"": 8804}",train,1.0
micrograph17__y00256_x00000.png,0.0,256.0,256.0,micrograph17,256.0,0.0,"{""0"": 192, ""1"": 29915, ""2"": 30941, ""4"": 4488}",train,2.0
micrograph17__y00256_x00128.png,0.0,256.0,256.0,micrograph17,256.0,128.0,"{""0"": 212, ""1"": 30872, ""2"": 27494, ""4"": 6958}",train,1.0
micrograph17__y00256_x00256.png,0.0,256.0,256.0,micrograph17,256.0,256.0,"{""0"": 20, ""1"": 26696, ""2"": 25522, ""3"": 5486, ""4"": 7812}",train,1.0
micrograph17__y00256_x00384.png,0.0,256.0,256.0,micrograph17,256.0,384.0,"{""1"": 28734, ""2"": 27390, ""3"": 5486, ""4"": 3926}",train,1.0
micrograph17__y00256_x00512.png,0.0,256.0,256.0,micrograph17,256.0,512.0,"{""0"": 147, ""1"": 32195, ""2"": 24121, ""4"": 9073}",train,1.0
micrograph17__y00256_x00640.png,0.0,256.0,256.0,micrograph17,256.0,640.0,"{""0"": 452, ""1"": 29073, ""2"": 21620, ""4"": 14391}",train,1.0
micrograph17__y00384_x00000.png,0.0,256.0,256.0,micrograph17,384.0,0.0,"{""0"": 95, ""1"": 31034, ""2"": 34407}",train,2.0
micrograph17__y00384_x00128.png,0.0,256.0,256.0,micrograph17,384.0,128.0,"{""0"": 151, ""1"": 28440, ""2"": 29953, ""4"": 6992}",train,2.0
micrograph17__y00384_x00256.png,0.0,256.0,256.0,micrograph17,384.0,256.0,"{""0"": 82, ""1"": 24425, ""2"": 27654, ""3"": 6383, ""4"": 6992}",train,2.0
micrograph17__y00384_x00384.png,0.0,256.0,256.0,micrograph17,384.0,384.0,"{""0"": 26, ""1"": 29003, ""2"": 30124, ""3"": 6383}",train,2.0
micrograph17__y00384_x00512.png,0.0,256.0,256.0,micrograph17,384.0,512.0,"{""0"": 47, ""1"": 35095, ""2"": 28135, ""4"": 2259}",train,1.0
micrograph17__y00384_x00640.png,0.0,256.0,256.0,micrograph17,384.0,640.0,"{""0"": 101, ""1"": 23666, ""2"": 18674, ""4"": 23095}",train,1.0
micrograph18__y00000_x00000.png,0.0,256.0,256.0,micrograph18,0.0,0.0,"{""0"": 669, ""1"": 40525, ""2"": 24342}",test,1.0
micrograph18__y00000_x00128.png,0.0,256.0,256.0,micrograph18,0.0,128.0,"{""0"": 1582, ""1"": 39831, ""2"": 24123}",test,1.0
micrograph18__y00000_x00256.png,0.0,256.0,256.0,micrograph18,0.0,256.0,"{""0"": 1493, ""1"": 39454, ""2"": 24589}",test,1.0
micrograph18__y00000_x00384.png,0.0,256.0,256.0,micrograph18,0.0,384.0,"{""0"": 1228, ""1"": 38005, ""2"": 26303}",test,1.0
micrograph18__y00000_x00512.png,0.0,256.0,256.0,micrograph18,0.0,512.0,"{""0"": 1623, ""1"": 36807, ""2"": 27106}",test,1.0
micrograph18__y00000_x00640.png,0.0,256.0,256.0,micrograph18,0.0,640.0,"{""0"": 1792, ""1"": 36812, ""2"": 26932}",test,1.0
micrograph18__y00000_x00768.png,0.0,256.0,256.0,micrograph18,0.0,768.0,"{""0"": 1984, ""1"": 37973, ""2"": 25579}",test,1.0
micrograph18__y00128_x00000.png,0.0,256.0,256.0,micrograph18,128.0,0.0,"{""0"": 1246, ""1"": 39746, ""2"": 24544}",test,1.0
micrograph18__y00128_x00128.png,0.0,256.0,256.0,micrograph18,128.0,128.0,"{""0"": 1887, ""1"": 36599, ""2"": 27050}",test,1.0
micrograph18__y00128_x00256.png,0.0,256.0,256.0,micrograph18,128.0,256.0,"{""0"": 2120, ""1"": 37278, ""2"": 26138}",test,1.0
micrograph18__y00128_x00384.png,0.0,256.0,256.0,micrograph18,128.0,384.0,"{""0"": 2016, ""1"": 37823, ""2"": 25697}",test,1.0
micrograph18__y00128_x00512.png,0.0,256.0,256.0,micrograph18,128.0,512.0,"{""0"": 1163, ""1"": 35271, ""2"": 29102}",test,1.0
micrograph18__y00128_x00640.png,0.0,256.0,256.0,micrograph18,128.0,640.0,"{""0"": 590, ""1"": 34440, ""2"": 30506}",test,1.0
micrograph18__y00128_x00768.png,0.0,256.0,256.0,micrograph18,128.0,768.0,"{""0"": 1070, ""1"": 36804, ""2"": 27662}",test,1.0
micrograph18__y00256_x00000.png,0.0,256.0,256.0,micrograph18,256.0,0.0,"{""0"": 577, ""1"": 34721, ""2"": 30238}",test,1.0
micrograph18__y00256_x00128.png,0.0,256.0,256.0,micrograph18,256.0,128.0,"{""0"": 525, ""1"": 33759, ""2"": 31252}",test,1.0
micrograph18__y00256_x00256.png,0.0,256.0,256.0,micrograph18,256.0,256.0,"{""0"": 1040, ""1"": 35891, ""2"": 28605}",test,1.0
micrograph18__y00256_x00384.png,0.0,256.0,256.0,micrograph18,256.0,384.0,"{""0"": 1004, ""1"": 36529, ""2"": 28003}",test,1.0
micrograph18__y00256_x00512.png,0.0,256.0,256.0,micrograph18,256.0,512.0,"{""0"": 160, ""1"": 36427, ""2"": 28949}",test,1.0
micrograph18__y00256_x00640.png,0.0,256.0,256.0,micrograph18,256.0,640.0,"{""1"": 36549, ""2"": 28987}",test,1.0
micrograph18__y00256_x00768.png,0.0,256.0,256.0,micrograph18,256.0,768.0,"{""1"": 36189, ""2"": 29347}",test,1.0
micrograph18__y00384_x00000.png,0.0,256.0,256.0,micrograph18,384.0,0.0,"{""1"": 34431, ""2"": 31105}",test,1.0
micrograph18__y00384_x00128.png,0.0,256.0,256.0,micrograph18,384.0,128.0,"{""1"": 33946, ""2"": 31590}",test,1.0
micrograph18__y00384_x00256.png,0.0,256.0,256.0,micrograph18,384.0,256.0,"{""1"": 35364, ""2"": 30172}",test,1.0
micrograph18__y00384_x00384.png,0.0,256.0,256.0,micrograph18,384.0,384.0,"{""0"": 15, ""1"": 34324, ""2"": 31197}",test,1.0
micrograph18__y00384_x00512.png,0.0,256.0,256.0,micrograph18,384.0,512.0,"{""0"": 15, ""1"": 35806, ""2"": 29715}",test,1.0
micrograph18__y00384_x00640.png,0.0,256.0,256.0,micrograph18,384.0,640.0,"{""1"": 38309, ""2"": 27227}",test,1.0
micrograph18__y00384_x00768.png,0.0,256.0,256.0,micrograph18,384.0,768.0,"{""1"": 35566, ""2"": 29970}",test,1.0
micrograph19__y00000_x00000.png,0.0,256.0,256.0,micrograph19,0.0,0.0,"{""1"": 39512, ""2"": 22040, ""4"": 3984}",train,1.0
micrograph19__y00000_x00128.png,0.0,256.0,256.0,micrograph19,0.0,128.0,"{""1"": 32847, ""2"": 17012, ""4"": 15677}",train,1.0
micrograph19__y00000_x00256.png,0.0,256.0,256.0,micrograph19,0.0,256.0,"{""1"": 31575, ""2"": 15483, ""3"": 617, ""4"": 17861}",train,1.0
micrograph19__y00000_x00384.png,0.0,256.0,256.0,micrograph19,0.0,384.0,"{""1"": 33626, ""2"": 25223, ""3"": 617, ""4"": 6070}",train,1.0
micrograph19__y00000_x00512.png,0.0,256.0,256.0,micrograph19,0.0,512.0,"{""1"": 37645, ""2"": 27891}",train,1.0
micrograph19__y00000_x00640.png,0.0,256.0,256.0,micrograph19,0.0,640.0,"{""1"": 39658, ""2"": 25878}",train,1.0
micrograph19__y00128_x00000.png,0.0,256.0,256.0,micrograph19,128.0,0.0,"{""1"": 33091, ""2"": 23834, ""4"": 8611}",train,1.0
micrograph19__y00128_x00128.png,0.0,256.0,256.0,micrograph19,128.0,128.0,"{""1"": 33829, ""2"": 21559, ""4"": 10148}",train,1.0
micrograph19__y00128_x00256.png,0.0,256.0,256.0,micrograph19,128.0,256.0,"{""1"": 35147, ""2"": 22928, ""3"": 2665, ""4"": 4796}",train,1.0
micrograph19__y00128_x00384.png,0.0,256.0,256.0,micrograph19,128.0,384.0,"{""1"": 31227, ""2"": 28522, ""3"": 2665, ""4"": 3122}",train,1.0
micrograph19__y00128_x00512.png,0.0,256.0,256.0,micrograph19,128.0,512.0,"{""1"": 33991, ""2"": 31545}",train,1.0
micrograph19__y00128_x00640.png,0.0,256.0,256.0,micrograph19,128.0,640.0,"{""1"": 36555, ""2"": 28917, ""4"": 64}",train,1.0
micrograph19__y00256_x00000.png,0.0,256.0,256.0,micrograph19,256.0,0.0,"{""1"": 26055, ""2"": 25137, ""4"": 14344}",train,1.0
micrograph19__y00256_x00128.png,0.0,256.0,256.0,micrograph19,256.0,128.0,"{""1"": 32566, ""2"": 23527, ""4"": 9443}",train,1.0
micrograph19__y00256_x00256.png,0.0,256.0,256.0,micrograph19,256.0,256.0,"{""1"": 35195, ""2"": 27134, ""3"": 3207}",train,1.0
micrograph19__y00256_x00384.png,0.0,256.0,256.0,micrograph19,256.0,384.0,"{""1"": 30793, ""2"": 31536, ""3"": 3207}",train,2.0
micrograph19__y00256_x00512.png,0.0,256.0,256.0,micrograph19,256.0,512.0,"{""1"": 31673, ""2"": 30507, ""4"": 3356}",train,1.0
micrograph19__y00256_x00640.png,0.0,256.0,256.0,micrograph19,256.0,640.0,"{""1"": 26623, ""2"": 24824, ""4"": 14089}",train,1.0
micrograph19__y00384_x00000.png,0.0,256.0,256.0,micrograph19,384.0,0.0,"{""1"": 25577, ""2"": 20668, ""4"": 19291}",train,1.0
micrograph19__y00384_x00128.png,0.0,256.0,256.0,micrograph19,384.0,128.0,"{""1"": 37606, ""2"": 24237, ""4"": 3693}",train,1.0
micrograph19__y00384_x00256.png,0.0,256.0,256.0,micrograph19,384.0,256.0,"{""1"": 37196, ""2"": 27181, ""3"": 1159}",train,1.0
micrograph19__y00384_x00384.png,0.0,256.0,256.0,micrograph19,384.0,384.0,"{""1"": 33996, ""2"": 30381, ""3"": 1159}",train,1.0
micrograph19__y00384_x00512.png,0.0,256.0,256.0,micrograph19,384.0,512.0,"{""1"": 32855, ""2"": 25863, ""4"": 6818}",train,1.0
micrograph19__y00384_x00640.png,0.0,256.0,256.0,micrograph19,384.0,640.0,"{""1"": 20792, ""2"": 15878, ""4"": 28866}",train,4.0
micrograph2__y00000_x00000.png,0.0,256.0,256.0,micrograph2,0.0,0.0,"{""1"": 36984, ""2"": 21611, ""3"": 6941}",train,1.0
micrograph2__y00000_x00128.png,0.0,256.0,256.0,micrograph2,0.0,128.0,"{""1"": 38395, ""2"": 23263, ""3"": 3878}",train,1.0
micrograph2__y00000_x00256.png,0.0,256.0,256.0,micrograph2,0.0,256.0,"{""1"": 37809, ""2"": 21369, ""3"": 532, ""4"": 5826}",train,1.0
micrograph2__y00000_x00384.png,0.0,256.0,256.0,micrograph2,0.0,384.0,"{""1"": 35981, ""2"": 21482, ""4"": 8073}",train,1.0
micrograph2__y00000_x00512.png,0.0,256.0,256.0,micrograph2,0.0,512.0,"{""1"": 37137, ""2"": 26152, ""4"": 2247}",train,1.0
micrograph2__y00000_x00640.png,0.0,256.0,256.0,micrograph2,0.0,640.0,"{""1"": 35862, ""2"": 28238, ""4"": 1436}",train,1.0
micrograph2__y00000_x00768.png,0.0,256.0,256.0,micrograph2,0.0,768.0,"{""1"": 35953, ""2"": 21515, ""4"": 8068}",train,1.0
micrograph2__y00128_x00000.png,0.0,256.0,256.0,micrograph2,128.0,0.0,"{""1"": 31011, ""2"": 24311, ""3"": 7054, ""4"": 3160}",train,1.0
micrograph2__y00128_x00128.png,0.0,256.0,256.0,micrograph2,128.0,128.0,"{""0"": 34, ""1"": 35776, ""2"": 19167, ""3"": 7190, ""4"": 3369}",train,1.0
micrograph2__y00128_x00256.png,0.0,256.0,256.0,micrograph2,128.0,256.0,"{""0"": 208, ""1"": 33538, ""2"": 20401, ""3"": 7927, ""4"": 3462}",train,1.0
micrograph2__y00128_x00384.png,0.0,256.0,256.0,micrograph2,128.0,384.0,"{""0"": 174, ""1"": 31489, ""2"": 23317, ""3"": 6464, ""4"": 4092}",train,1.0
micrograph2__y00128_x00512.png,0.0,256.0,256.0,micrograph2,128.0,512.0,"{""1"": 35708, ""2"": 24899, ""3"": 2268, ""4"": 2661}",train,1.0
micrograph2__y00128_x00640.png,0.0,256.0,256.0,micrograph2,128.0,640.0,"{""1"": 35186, ""2"": 21482, ""3"": 1724, ""4"": 7144}",train,1.0
micrograph2__y00128_x00768.png,0.0,256.0,256.0,micrograph2,128.0,768.0,"{""1"": 32433, ""2"": 14022, ""3"": 2325, ""4"": 16756}",train,1.0
micrograph2__y00256_x00000.png,0.0,256.0,256.0,micrograph2,256.0,0.0,"{""0"": 103, ""1"": 30610, ""2"": 27956, ""3"": 113, ""4"": 6754}",train,1.0
micrograph2__y00256_x00128.png,0.0,256.0,256.0,micrograph2,256.0,128.0,"{""0"": 137, ""1"": 31097, ""2"": 22282, ""3"": 3312, ""4"": 8708}",train,1.0
micrograph2__y00256_x00256.png,0.0,256.0,256.0,micrograph2,256.0,256.0,"{""0"": 208, ""1"": 29898, ""2"": 20432, ""3"": 7395, ""4"": 7603}",train,1.0
micrograph2__y00256_x00384.png,0.0,256.0,256.0,micrograph2,256.0,384.0,"{""0"": 174, ""1"": 33124, ""2"": 20125, ""3"": 6464, ""4"": 5649}",train,1.0
micrograph2__y00256_x00512.png,0.0,256.0,256.0,micrograph2,256.0,512.0,"{""1"": 37257, ""2"": 24189, ""3"": 2268, ""4"": 1822}",train,1.0
micrograph2__y00256_x00640.png,0.0,256.0,256.0,micrograph2,256.0,640.0,"{""1"": 35561, ""2"": 22543, ""3"": 1724, ""4"": 5708}",train,1.0
micrograph2__y00256_x00768.png,0.0,256.0,256.0,micrograph2,256.0,768.0,"{""1"": 32476, ""2"": 20543, ""3"": 3829, ""4"": 8688}",train,1.0
micrograph2__y00384_x00000.png,0.0,256.0,256.0,micrograph2,384.0,0.0,"{""0"": 103, ""1"": 30255, ""2"": 31584, ""4"": 3594}",train,2.0
micrograph2__y00384_x00128.png,0.0,256.0,256.0,micrograph2,384.0,128.0,"{""0"": 103, ""1"": 30239, ""2"": 29855, ""4"": 5339}",train,1.0
micrograph2__y00384_x00256.png,0.0,256.0,256.0,micrograph2,384.0,256.0,"{""1"": 36208, ""2"": 23744, ""4"": 5584}",train,1.0
micrograph2__y00384_x00384.png,0.0,256.0,256.0,micrograph2,384.0,384.0,"{""1"": 40198, ""2"": 21499, ""4"": 3839}",train,1.0
micrograph2__y00384_x00512.png,0.0,256.0,256.0,micrograph2,384.0,512.0,"{""1"": 42022, ""2"": 23514}",train,1.0
micrograph2__y00384_x00640.png,0.0,256.0,256.0,micrograph2,384.0,640.0,"{""1"": 42280, ""2"": 23256}",train,1.0
micrograph2__y00384_x00768.png,0.0,256.0,256.0,micrograph2,384.0,768.0,"{""1"": 37330, ""2"": 26702, ""3"": 1504}",train,1.0
micrograph20__y00000_x00000.png,0.0,256.0,256.0,micrograph20,0.0,0.0,"{""1"": 40038, ""2"": 25498}",train,1.0
micrograph20__y00000_x00128.png,0.0,256.0,256.0,micrograph20,0.0,128.0,"{""1"": 38816, ""2"": 26720}",train,1.0
micrograph20__y00000_x00256.png,0.0,256.0,256.0,micrograph20,0.0,256.0,"{""1"": 29625, ""2"": 27473, ""3"": 8438}",train,1.0
micrograph20__y00000_x00384.png,0.0,256.0,256.0,micrograph20,0.0,384.0,"{""1"": 30463, ""2"": 26628, ""3"": 8445}",train,1.0
micrograph20__y00000_x00512.png,0.0,256.0,256.0,micrograph20,0.0,512.0,"{""1"": 37018, ""2"": 28511, ""3"": 7}",train,1.0
micrograph20__y00000_x00640.png,0.0,256.0,256.0,micrograph20,0.0,640.0,"{""1"": 38371, ""2"": 27165}",train,1.0
micrograph20__y00000_x00768.png,0.0,256.0,256.0,micrograph20,0.0,768.0,"{""1"": 39166, ""2"": 26370}",train,1.0
micrograph20__y00128_x00000.png,0.0,256.0,256.0,micrograph20,128.0,0.0,"{""1"": 37578, ""2"": 27958}",train,1.0
micrograph20__y00128_x00128.png,0.0,256.0,256.0,micrograph20,128.0,128.0,"{""1"": 34570, ""2"": 30966}",train,1.0
micrograph20__y00128_x00256.png,0.0,256.0,256.0,micrograph20,128.0,256.0,"{""1"": 25257, ""2"": 28348, ""3"": 11931}",train,2.0
micrograph20__y00128_x00384.png,0.0,256.0,256.0,micrograph20,128.0,384.0,"{""1"": 25055, ""2"": 24199, ""3"": 11931, ""4"": 4351}",train,1.0
micrograph20__y00128_x00512.png,0.0,256.0,256.0,micrograph20,128.0,512.0,"{""1"": 33589, ""2"": 22342, ""4"": 9605}",train,1.0
micrograph20__y00128_x00640.png,0.0,256.0,256.0,micrograph20,128.0,640.0,"{""1"": 37692, ""2"": 21975, ""4"": 5869}",train,1.0
micrograph20__y00128_x00768.png,0.0,256.0,256.0,micrograph20,128.0,768.0,"{""1"": 39077, ""2"": 25844, ""4"": 615}",train,1.0
micrograph20__y00256_x00000.png,0.0,256.0,256.0,micrograph20,256.0,0.0,"{""1"": 39420, ""2"": 26116}",train,1.0
micrograph20__y00256_x00128.png,0.0,256.0,256.0,micrograph20,256.0,128.0,"{""1"": 36254, ""2"": 28663, ""3"": 619}",train,1.0
micrograph20__y00256_x00256.png,0.0,256.0,256.0,micrograph20,256.0,256.0,"{""1"": 27033, ""2"": 27423, ""3"": 11080}",train,2.0
micrograph20__y00256_x00384.png,0.0,256.0,256.0,micrograph20,256.0,384.0,"{""1"": 26040, ""2"": 24244, ""3"": 10461, ""4"": 4791}",train,1.0
micrograph20__y00256_x00512.png,0.0,256.0,256.0,micrograph20,256.0,512.0,"{""1"": 34473, ""2"": 20596, ""4"": 10467}",train,1.0
micrograph20__y00256_x00640.png,0.0,256.0,256.0,micrograph20,256.0,640.0,"{""1"": 38078, ""2"": 21059, ""4"": 6399}",train,1.0
micrograph20__y00256_x00768.png,0.0,256.0,256.0,micrograph20,256.0,768.0,"{""1"": 37832, ""2"": 26981, ""4"": 723}",train,1.0
micrograph20__y00384_x00000.png,0.0,256.0,256.0,micrograph20,384.0,0.0,"{""1"": 39342, ""2"": 26194}",train,1.0
micrograph20__y00384_x00128.png,0.0,256.0,256.0,micrograph20,384.0,128.0,"{""1"": 33423, ""2"": 28712, ""3"": 3401}",train,1.0
micrograph20__y00384_x00256.png,0.0,256.0,256.0,micrograph20,384.0,256.0,"{""1"": 28484, ""2"": 29364, ""3"": 7688}",train,2.0
micrograph20__y00384_x00384.png,0.0,256.0,256.0,micrograph20,384.0,384.0,"{""1"": 33246, ""2"": 27372, ""3"": 4287, ""4"": 631}",train,1.0
micrograph20__y00384_x00512.png,0.0,256.0,256.0,micrograph20,384.0,512.0,"{""1"": 37213, ""2"": 20394, ""4"": 7929}",train,1.0
micrograph20__y00384_x00640.png,0.0,256.0,256.0,micrograph20,384.0,640.0,"{""1"": 37018, ""2"": 18400, ""4"": 10118}",train,1.0
micrograph20__y00384_x00768.png,0.0,256.0,256.0,micrograph20,384.0,768.0,"{""1"": 36828, ""2"": 25888, ""4"": 2820}",train,1.0
micrograph21__y00000_x00000.png,0.0,256.0,256.0,micrograph21,0.0,0.0,"{""0"": 261, ""1"": 39587, ""2"": 24863, ""4"": 825}",val,1.0
micrograph21__y00000_x00128.png,0.0,256.0,256.0,micrograph21,0.0,128.0,"{""0"": 73, ""1"": 40635, ""2"": 17865, ""4"": 6963}",val,1.0
micrograph21__y00000_x00256.png,0.0,256.0,256.0,micrograph21,0.0,256.0,"{""0"": 14, ""1"": 42737, ""2"": 14804, ""4"": 7981}",val,1.0
micrograph21__y00000_x00384.png,0.0,256.0,256.0,micrograph21,0.0,384.0,"{""1"": 45539, ""2"": 18154, ""4"": 1843}",val,1.0
micrograph21__y00000_x00512.png,0.0,256.0,256.0,micrograph21,0.0,512.0,"{""1"": 43620, ""2"": 21207, ""4"": 709}",val,1.0
micrograph21__y00000_x00640.png,0.0,256.0,256.0,micrograph21,0.0,640.0,"{""0"": 70, ""1"": 40153, ""2"": 16866, ""4"": 8447}",val,1.0
micrograph21__y00000_x00768.png,0.0,256.0,256.0,micrograph21,0.0,768.0,"{""0"": 75, ""1"": 40420, ""2"": 12406, ""4"": 12635}",val,1.0
micrograph21__y00128_x00000.png,0.0,256.0,256.0,micrograph21,128.0,0.0,"{""0"": 96, ""1"": 38331, ""2"": 22600, ""4"": 4509}",val,1.0
micrograph21__y00128_x00128.png,0.0,256.0,256.0,micrograph21,128.0,128.0,"{""0"": 73, ""1"": 40492, ""2"": 18692, ""4"": 6279}",val,1.0
micrograph21__y00128_x00256.png,0.0,256.0,256.0,micrograph21,128.0,256.0,"{""0"": 14, ""1"": 42595, ""2"": 18273, ""4"": 4654}",val,1.0
micrograph21__y00128_x00384.png,0.0,256.0,256.0,micrograph21,128.0,384.0,"{""1"": 44548, ""2"": 20509, ""4"": 479}",val,1.0
micrograph21__y00128_x00512.png,0.0,256.0,256.0,micrograph21,128.0,512.0,"{""1"": 43731, ""2"": 21805}",val,1.0
micrograph21__y00128_x00640.png,0.0,256.0,256.0,micrograph21,128.0,640.0,"{""0"": 70, ""1"": 40478, ""2"": 17789, ""4"": 7199}",val,1.0
micrograph21__y00128_x00768.png,0.0,256.0,256.0,micrograph21,128.0,768.0,"{""0"": 156, ""1"": 42975, ""2"": 14959, ""4"": 7446}",val,1.0
micrograph21__y00256_x00000.png,0.0,256.0,256.0,micrograph21,256.0,0.0,"{""1"": 42144, ""2"": 19008, ""4"": 4384}",val,1.0
micrograph21__y00256_x00128.png,0.0,256.0,256.0,micrograph21,256.0,128.0,"{""1"": 41998, ""2"": 21159, ""4"": 2379}",val,1.0
micrograph21__y00256_x00256.png,0.0,256.0,256.0,micrograph21,256.0,256.0,"{""1"": 44081, ""2"": 20738, ""4"": 717}",val,1.0
micrograph21__y00256_x00384.png,0.0,256.0,256.0,micrograph21,256.0,384.0,"{""1"": 41498, ""2"": 23469, ""4"": 569}",val,1.0
micrograph21__y00256_x00512.png,0.0,256.0,256.0,micrograph21,256.0,512.0,"{""1"": 40101, ""2"": 24507, ""4"": 928}",val,1.0
micrograph21__y00256_x00640.png,0.0,256.0,256.0,micrograph21,256.0,640.0,"{""1"": 41713, ""2"": 19198, ""4"": 4625}",val,1.0
micrograph21__y00256_x00768.png,0.0,256.0,256.0,micrograph21,256.0,768.0,"{""0"": 81, ""1"": 41561, ""2"": 14942, ""4"": 8952}",val,1.0
micrograph21__y00384_x00000.png,0.0,256.0,256.0,micrograph21,384.0,0.0,"{""1"": 46683, ""2"": 16266, ""4"": 2587}",val,1.0
micrograph21__y00384_x00128.png,0.0,256.0,256.0,micrograph21,384.0,128.0,"{""1"": 45090, ""2"": 18825, ""4"": 1621}",val,1.0
micrograph21__y00384_x00256.png,0.0,256.0,256.0,micrograph21,384.0,256.0,"{""1"": 44242, ""2"": 19991, ""4"": 1303}",val,1.0
micrograph21__y00384_x00384.png,0.0,256.0,256.0,micrograph21,384.0,384.0,"{""1"": 40441, ""2"": 20922, ""4"": 4173}",val,1.0
micrograph21__y00384_x00512.png,0.0,256.0,256.0,micrograph21,384.0,512.0,"{""1"": 37194, ""2"": 22137, ""4"": 6205}",val,1.0
micrograph21__y00384_x00640.png,0.0,256.0,256.0,micrograph21,384.0,640.0,"{""1"": 40716, ""2"": 19761, ""4"": 5059}",val,1.0
micrograph21__y00384_x00768.png,0.0,256.0,256.0,micrograph21,384.0,768.0,"{""1"": 40390, ""2"": 16712, ""4"": 8434}",val,1.0
micrograph22__y00000_x00000.png,0.0,256.0,256.0,micrograph22,0.0,0.0,"{""1"": 40204, ""2"": 20161, ""4"": 5171}",train,1.0
micrograph22__y00000_x00128.png,0.0,256.0,256.0,micrograph22,0.0,128.0,"{""1"": 38827, ""2"": 26306, ""4"": 403}",train,1.0
micrograph22__y00000_x00256.png,0.0,256.0,256.0,micrograph22,0.0,256.0,"{""1"": 36630, ""2"": 28906}",train,1.0
micrograph22__y00000_x00384.png,0.0,256.0,256.0,micrograph22,0.0,384.0,"{""1"": 37344, ""2"": 28192}",train,1.0
micrograph22__y00000_x00512.png,0.0,256.0,256.0,micrograph22,0.0,512.0,"{""1"": 35356, ""2"": 27098, ""4"": 3082}",train,1.0
micrograph22__y00000_x00640.png,0.0,256.0,256.0,micrograph22,0.0,640.0,"{""1"": 34291, ""2"": 28163, ""4"": 3082}",train,1.0
micrograph22__y00000_x00768.png,0.0,256.0,256.0,micrograph22,0.0,768.0,"{""1"": 36823, ""2"": 28186, ""4"": 527}",train,1.0
micrograph22__y00128_x00000.png,0.0,256.0,256.0,micrograph22,128.0,0.0,"{""1"": 35969, ""2"": 17918, ""4"": 11649}",train,1.0
micrograph22__y00128_x00128.png,0.0,256.0,256.0,micrograph22,128.0,128.0,"{""1"": 36342, ""2"": 24230, ""4"": 4964}",train,1.0
micrograph22__y00128_x00256.png,0.0,256.0,256.0,micrograph22,128.0,256.0,"{""1"": 35213, ""2"": 26952, ""4"": 3371}",train,1.0
micrograph22__y00128_x00384.png,0.0,256.0,256.0,micrograph22,128.0,384.0,"{""1"": 34998, ""2"": 24632, ""4"": 5906}",train,1.0
micrograph22__y00128_x00512.png,0.0,256.0,256.0,micrograph22,128.0,512.0,"{""1"": 34672, ""2"": 23301, ""4"": 7563}",train,1.0
micrograph22__y00128_x00640.png,0.0,256.0,256.0,micrograph22,128.0,640.0,"{""1"": 36054, ""2"": 21997, ""4"": 7485}",train,1.0
micrograph22__y00128_x00768.png,0.0,256.0,256.0,micrograph22,128.0,768.0,"{""1"": 38180, ""2"": 23007, ""4"": 4349}",train,1.0
micrograph22__y00256_x00000.png,0.0,256.0,256.0,micrograph22,256.0,0.0,"{""1"": 32902, ""2"": 20059, ""4"": 12575}",train,1.0
micrograph22__y00256_x00128.png,0.0,256.0,256.0,micrograph22,256.0,128.0,"{""1"": 34346, ""2"": 19829, ""4"": 11361}",train,1.0
micrograph22__y00256_x00256.png,0.0,256.0,256.0,micrograph22,256.0,256.0,"{""1"": 38785, ""2"": 21964, ""4"": 4787}",train,1.0
micrograph22__y00256_x00384.png,0.0,256.0,256.0,micrograph22,256.0,384.0,"{""1"": 36907, ""2"": 20763, ""4"": 7866}",train,1.0
micrograph22__y00256_x00512.png,0.0,256.0,256.0,micrograph22,256.0,512.0,"{""1"": 36741, ""2"": 20115, ""4"": 8680}",train,1.0
micrograph22__y00256_x00640.png,0.0,256.0,256.0,micrograph22,256.0,640.0,"{""1"": 37381, ""2"": 19452, ""4"": 8703}",train,1.0
micrograph22__y00256_x00768.png,0.0,256.0,256.0,micrograph22,256.0,768.0,"{""1"": 37749, ""2"": 22352, ""4"": 5435}",train,1.0
micrograph22__y00384_x00000.png,0.0,256.0,256.0,micrograph22,384.0,0.0,"{""1"": 32718, ""2"": 21243, ""4"": 11575}",train,1.0
micrograph22__y00384_x00128.png,0.0,256.0,256.0,micrograph22,384.0,128.0,"{""1"": 34827, ""2"": 21721, ""4"": 8988}",train,1.0
micrograph22__y00384_x00256.png,0.0,256.0,256.0,micrograph22,384.0,256.0,"{""1"": 36703, ""2"": 20848, ""4"": 7985}",train,1.0
micrograph22__y00384_x00384.png,0.0,256.0,256.0,micrograph22,384.0,384.0,"{""1"": 33923, ""2"": 20656, ""4"": 10957}",train,1.0
micrograph22__y00384_x00512.png,0.0,256.0,256.0,micrograph22,384.0,512.0,"{""1"": 36811, ""2"": 23175, ""4"": 5550}",train,1.0
micrograph22__y00384_x00640.png,0.0,256.0,256.0,micrograph22,384.0,640.0,"{""1"": 38077, ""2"": 24236, ""4"": 3223}",train,1.0
micrograph22__y00384_x00768.png,0.0,256.0,256.0,micrograph22,384.0,768.0,"{""1"": 38336, ""2"": 24372, ""4"": 2828}",train,1.0
micrograph23__y00000_x00000.png,0.0,256.0,256.0,micrograph23,0.0,0.0,"{""1"": 36345, ""2"": 19046, ""4"": 10145}",train,1.0
micrograph23__y00000_x00128.png,0.0,256.0,256.0,micrograph23,0.0,128.0,"{""1"": 31979, ""2"": 14582, ""4"": 18975}",train,1.0
micrograph23__y00000_x00256.png,0.0,256.0,256.0,micrograph23,0.0,256.0,"{""1"": 18160, ""2"": 7119, ""4"": 40257}",train,4.0
micrograph23__y00000_x00384.png,0.0,256.0,256.0,micrograph23,0.0,384.0,"{""1"": 6250, ""2"": 1735, ""4"": 57551}",train,4.0
micrograph23__y00000_x00512.png,0.0,256.0,256.0,micrograph23,0.0,512.0,"{""1"": 23363, ""2"": 12004, ""4"": 30169}",train,4.0
micrograph23__y00000_x00640.png,0.0,256.0,256.0,micrograph23,0.0,640.0,"{""1"": 41669, ""2"": 22038, ""4"": 1829}",train,1.0
micrograph23__y00000_x00768.png,0.0,256.0,256.0,micrograph23,0.0,768.0,"{""1"": 40910, ""2"": 22802, ""4"": 1824}",train,1.0
micrograph23__y00128_x00000.png,0.0,256.0,256.0,micrograph23,128.0,0.0,"{""1"": 34690, ""2"": 15115, ""4"": 15731}",train,1.0
micrograph23__y00128_x00128.png,0.0,256.0,256.0,micrograph23,128.0,128.0,"{""1"": 21943, ""2"": 8784, ""4"": 34809}",train,4.0
micrograph23__y00128_x00256.png,0.0,256.0,256.0,micrograph23,128.0,256.0,"{""1"": 15008, ""2"": 5586, ""4"": 44942}",train,4.0
micrograph23__y00128_x00384.png,0.0,256.0,256.0,micrograph23,128.0,384.0,"{""1"": 18154, ""2"": 8235, ""4"": 39147}",train,4.0
micrograph23__y00128_x00512.png,0.0,256.0,256.0,micrograph23,128.0,512.0,"{""1"": 28799, ""2"": 19159, ""4"": 17578}",train,1.0
micrograph23__y00128_x00640.png,0.0,256.0,256.0,micrograph23,128.0,640.0,"{""1"": 35887, ""2"": 25489, ""4"": 4160}",train,1.0
micrograph23__y00128_x00768.png,0.0,256.0,256.0,micrograph23,128.0,768.0,"{""1"": 33821, ""2"": 19714, ""4"": 12001}",train,1.0
micrograph23__y00256_x00000.png,0.0,256.0,256.0,micrograph23,256.0,0.0,"{""1"": 32074, ""2"": 12723, ""4"": 20739}",train,1.0
micrograph23__y00256_x00128.png,0.0,256.0,256.0,micrograph23,256.0,128.0,"{""1"": 27273, ""2"": 15456, ""4"": 22807}",train,1.0
micrograph23__y00256_x00256.png,0.0,256.0,256.0,micrograph23,256.0,256.0,"{""1"": 30857, ""2"": 17252, ""4"": 17427}",train,1.0
micrograph23__y00256_x00384.png,0.0,256.0,256.0,micrograph23,256.0,384.0,"{""1"": 37391, ""2"": 20049, ""4"": 8096}",train,1.0
micrograph23__y00256_x00512.png,0.0,256.0,256.0,micrograph23,256.0,512.0,"{""1"": 35863, ""2"": 22652, ""4"": 7021}",train,1.0
micrograph23__y00256_x00640.png,0.0,256.0,256.0,micrograph23,256.0,640.0,"{""1"": 32700, ""2"": 19384, ""4"": 13452}",train,1.0
micrograph23__y00256_x00768.png,0.0,256.0,256.0,micrograph23,256.0,768.0,"{""1"": 27309, ""2"": 10777, ""4"": 27450}",train,4.0
micrograph23__y00384_x00000.png,0.0,256.0,256.0,micrograph23,384.0,0.0,"{""1"": 34282, ""2"": 16426, ""4"": 14828}",train,1.0
micrograph23__y00384_x00128.png,0.0,256.0,256.0,micrograph23,384.0,128.0,"{""1"": 37739, ""2"": 24315, ""4"": 3482}",train,1.0
micrograph23__y00384_x00256.png,0.0,256.0,256.0,micrograph23,384.0,256.0,"{""1"": 40183, ""2"": 23332, ""4"": 2021}",train,1.0
micrograph23__y00384_x00384.png,0.0,256.0,256.0,micrograph23,384.0,384.0,"{""1"": 37633, ""2"": 22031, ""4"": 5872}",train,1.0
micrograph23__y00384_x00512.png,0.0,256.0,256.0,micrograph23,384.0,512.0,"{""1"": 32826, ""2"": 17192, ""4"": 15518}",train,1.0
micrograph23__y00384_x00640.png,0.0,256.0,256.0,micrograph23,384.0,640.0,"{""1"": 29179, ""2"": 8681, ""4"": 27676}",train,1.0
micrograph23__y00384_x00768.png,0.0,256.0,256.0,micrograph23,384.0,768.0,"{""1"": 27957, ""2"": 8218, ""4"": 29361}",train,4.0
micrograph24__y00000_x00000.png,0.0,256.0,256.0,micrograph24,0.0,0.0,"{""1"": 35890, ""2"": 19598, ""4"": 10048}",train,1.0
micrograph24__y00000_x00128.png,0.0,256.0,256.0,micrograph24,0.0,128.0,"{""1"": 39159, ""2"": 21218, ""4"": 5159}",train,1.0
micrograph24__y00000_x00256.png,0.0,256.0,256.0,micrograph24,0.0,256.0,"{""1"": 37812, ""2"": 22289, ""4"": 5435}",train,1.0
micrograph24__y00000_x00384.png,0.0,256.0,256.0,micrograph24,0.0,384.0,"{""1"": 35818, ""2"": 24283, ""4"": 5435}",train,1.0
micrograph24__y00000_x00512.png,0.0,256.0,256.0,micrograph24,0.0,512.0,"{""1"": 34128, ""2"": 31408}",train,1.0
micrograph24__y00000_x00640.png,0.0,256.0,256.0,micrograph24,0.0,640.0,"{""1"": 31583, ""2"": 33953}",train,2.0
micrograph24__y00000_x00768.png,0.0,256.0,256.0,micrograph24,0.0,768.0,"{""1"": 33030, ""2"": 32506}",train,1.0
micrograph24__y00128_x00000.png,0.0,256.0,256.0,micrograph24,128.0,0.0,"{""1"": 35246, ""2"": 22164, ""4"": 8126}",train,1.0
micrograph24__y00128_x00128.png,0.0,256.0,256.0,micrograph24,128.0,128.0,"{""1"": 38169, ""2"": 19873, ""4"": 7494}",train,1.0
micrograph24__y00128_x00256.png,0.0,256.0,256.0,micrograph24,128.0,256.0,"{""1"": 37339, ""2"": 20625, ""4"": 7572}",train,1.0
micrograph24__y00128_x00384.png,0.0,256.0,256.0,micrograph24,128.0,384.0,"{""1"": 31911, ""2"": 27944, ""4"": 5681}",train,1.0
micrograph24__y00128_x00512.png,0.0,256.0,256.0,micrograph24,128.0,512.0,"{""1"": 29614, ""2"": 35922}",train,2.0
micrograph24__y00128_x00640.png,0.0,256.0,256.0,micrograph24,128.0,640.0,"{""1"": 30766, ""2"": 34770}",train,2.0
micrograph24__y00128_x00768.png,0.0,256.0,256.0,micrograph24,128.0,768.0,"{""1"": 33265, ""2"": 30492, ""4"": 1779}",train,1.0
micrograph24__y00256_x00000.png,0.0,256.0,256.0,micrograph24,256.0,0.0,"{""1"": 40073, ""2"": 24982, ""4"": 481}",train,1.0
micrograph24__y00256_x00128.png,0.0,256.0,256.0,micrograph24,256.0,128.0,"{""1"": 41054, ""2"": 21691, ""4"": 2791}",train,1.0
micrograph24__y00256_x00256.png,0.0,256.0,256.0,micrograph24,256.0,256.0,"{""1"": 39952, ""2"": 22370, ""4"": 3214}",train,1.0
micrograph24__y00256_x00384.png,0.0,256.0,256.0,micrograph24,256.0,384.0,"{""1"": 33655, ""2"": 30977, ""4"": 904}",train,1.0
micrograph24__y00256_x00512.png,0.0,256.0,256.0,micrograph24,256.0,512.0,"{""1"": 29498, ""2"": 36038}",train,2.0
micrograph24__y00256_x00640.png,0.0,256.0,256.0,micrograph24,256.0,640.0,"{""1"": 33069, ""2"": 31031, ""4"": 1436}",train,1.0
micrograph24__y00256_x00768.png,0.0,256.0,256.0,micrograph24,256.0,768.0,"{""1"": 36371, ""2"": 25677, ""4"": 3488}",train,1.0
micrograph24__y00384_x00000.png,0.0,256.0,256.0,micrograph24,384.0,0.0,"{""1"": 43116, ""2"": 22420}",train,1.0
micrograph24__y00384_x00128.png,0.0,256.0,256.0,micrograph24,384.0,128.0,"{""1"": 42981, ""2"": 22136, ""4"": 419}",train,1.0
micrograph24__y00384_x00256.png,0.0,256.0,256.0,micrograph24,384.0,256.0,"{""1"": 40554, ""2"": 24563, ""4"": 419}",train,1.0
micrograph24__y00384_x00384.png,0.0,256.0,256.0,micrograph24,384.0,384.0,"{""1"": 35297, ""2"": 30239}",train,1.0
micrograph24__y00384_x00512.png,0.0,256.0,256.0,micrograph24,384.0,512.0,"{""1"": 31613, ""2"": 32415, ""4"": 1508}",train,2.0
micrograph24__y00384_x00640.png,0.0,256.0,256.0,micrograph24,384.0,640.0,"{""1"": 32286, ""2"": 28316, ""4"": 4934}",train,1.0
micrograph24__y00384_x00768.png,0.0,256.0,256.0,micrograph24,384.0,768.0,"{""1"": 35420, ""2"": 26417, ""4"": 3699}",train,1.0
micrograph25__y00000_x00000.png,0.0,256.0,256.0,micrograph25,0.0,0.0,"{""1"": 38325, ""2"": 27211}",val,1.0
micrograph25__y00000_x00128.png,0.0,256.0,256.0,micrograph25,0.0,128.0,"{""1"": 37888, ""2"": 27648}",val,1.0
micrograph25__y00000_x00256.png,0.0,256.0,256.0,micrograph25,0.0,256.0,"{""1"": 36655, ""2"": 28881}",val,1.0
micrograph25__y00000_x00384.png,0.0,256.0,256.0,micrograph25,0.0,384.0,"{""1"": 38494, ""2"": 27042}",val,1.0
micrograph25__y00000_x00512.png,0.0,256.0,256.0,micrograph25,0.0,512.0,"{""1"": 37663, ""2"": 27873}",val,1.0
micrograph25__y00000_x00640.png,0.0,256.0,256.0,micrograph25,0.0,640.0,"{""1"": 34099, ""2"": 31437}",val,1.0
micrograph25__y00000_x00768.png,0.0,256.0,256.0,micrograph25,0.0,768.0,"{""1"": 34430, ""2"": 31106}",val,1.0
micrograph25__y00128_x00000.png,0.0,256.0,256.0,micrograph25,128.0,0.0,"{""1"": 36467, ""2"": 29069}",val,1.0
micrograph25__y00128_x00128.png,0.0,256.0,256.0,micrograph25,128.0,128.0,"{""1"": 38064, ""2"": 27472}",val,1.0
micrograph25__y00128_x00256.png,0.0,256.0,256.0,micrograph25,128.0,256.0,"{""1"": 38647, ""2"": 26889}",val,1.0
micrograph25__y00128_x00384.png,0.0,256.0,256.0,micrograph25,128.0,384.0,"{""1"": 37028, ""2"": 28508}",val,1.0
micrograph25__y00128_x00512.png,0.0,256.0,256.0,micrograph25,128.0,512.0,"{""1"": 34569, ""2"": 30967}",val,1.0
micrograph25__y00128_x00640.png,0.0,256.0,256.0,micrograph25,128.0,640.0,"{""1"": 33778, ""2"": 31758}",val,1.0
micrograph25__y00128_x00768.png,0.0,256.0,256.0,micrograph25,128.0,768.0,"{""1"": 36370, ""2"": 29166}",val,1.0
micrograph25__y00256_x00000.png,0.0,256.0,256.0,micrograph25,256.0,0.0,"{""1"": 37285, ""2"": 28251}",val,1.0
micrograph25__y00256_x00128.png,0.0,256.0,256.0,micrograph25,256.0,128.0,"{""1"": 38394, ""2"": 27142}",val,1.0
micrograph25__y00256_x00256.png,0.0,256.0,256.0,micrograph25,256.0,256.0,"{""1"": 38705, ""2"": 26831}",val,1.0
micrograph25__y00256_x00384.png,0.0,256.0,256.0,micrograph25,256.0,384.0,"{""1"": 34625, ""2"": 30911}",val,1.0
micrograph25__y00256_x00512.png,0.0,256.0,256.0,micrograph25,256.0,512.0,"{""1"": 32437, ""2"": 33099}",val,2.0
micrograph25__y00256_x00640.png,0.0,256.0,256.0,micrograph25,256.0,640.0,"{""1"": 33234, ""2"": 32302}",val,1.0
micrograph25__y00256_x00768.png,0.0,256.0,256.0,micrograph25,256.0,768.0,"{""1"": 35002, ""2"": 30534}",val,1.0
micrograph25__y00384_x00000.png,0.0,256.0,256.0,micrograph25,384.0,0.0,"{""1"": 39617, ""2"": 25919}",val,1.0
micrograph25__y00384_x00128.png,0.0,256.0,256.0,micrograph25,384.0,128.0,"{""1"": 38590, ""2"": 26946}",val,1.0
micrograph25__y00384_x00256.png,0.0,256.0,256.0,micrograph25,384.0,256.0,"{""1"": 36592, ""2"": 28944}",val,1.0
micrograph25__y00384_x00384.png,0.0,256.0,256.0,micrograph25,384.0,384.0,"{""1"": 34109, ""2"": 31427}",val,1.0
micrograph25__y00384_x00512.png,0.0,256.0,256.0,micrograph25,384.0,512.0,"{""1"": 33579, ""2"": 31957}",val,1.0
micrograph25__y00384_x00640.png,0.0,256.0,256.0,micrograph25,384.0,640.0,"{""1"": 35074, ""2"": 30462}",val,1.0
micrograph25__y00384_x00768.png,0.0,256.0,256.0,micrograph25,384.0,768.0,"{""1"": 37117, ""2"": 28419}",val,1.0
micrograph26__y00000_x00000.png,0.0,256.0,256.0,micrograph26,0.0,0.0,"{""1"": 38925, ""2"": 26611}",train,1.0
micrograph26__y00000_x00128.png,0.0,256.0,256.0,micrograph26,0.0,128.0,"{""1"": 38379, ""2"": 27157}",train,1.0
micrograph26__y00000_x00256.png,0.0,256.0,256.0,micrograph26,0.0,256.0,"{""1"": 37654, ""2"": 27882}",train,1.0
micrograph26__y00000_x00384.png,0.0,256.0,256.0,micrograph26,0.0,384.0,"{""1"": 37847, ""2"": 27689}",train,1.0
micrograph26__y00000_x00512.png,0.0,256.0,256.0,micrograph26,0.0,512.0,"{""1"": 38253, ""2"": 27283}",train,1.0
micrograph26__y00000_x00640.png,0.0,256.0,256.0,micrograph26,0.0,640.0,"{""1"": 38065, ""2"": 27471}",train,1.0
micrograph26__y00000_x00768.png,0.0,256.0,256.0,micrograph26,0.0,768.0,"{""1"": 39940, ""2"": 25596}",train,1.0
micrograph26__y00128_x00000.png,0.0,256.0,256.0,micrograph26,128.0,0.0,"{""1"": 34999, ""2"": 30537}",train,1.0
micrograph26__y00128_x00128.png,0.0,256.0,256.0,micrograph26,128.0,128.0,"{""1"": 36752, ""2"": 28784}",train,1.0
micrograph26__y00128_x00256.png,0.0,256.0,256.0,micrograph26,128.0,256.0,"{""1"": 37332, ""2"": 28204}",train,1.0
micrograph26__y00128_x00384.png,0.0,256.0,256.0,micrograph26,128.0,384.0,"{""1"": 37300, ""2"": 28236}",train,1.0
micrograph26__y00128_x00512.png,0.0,256.0,256.0,micrograph26,128.0,512.0,"{""1"": 37445, ""2"": 28091}",train,1.0
micrograph26__y00128_x00640.png,0.0,256.0,256.0,micrograph26,128.0,640.0,"{""1"": 37298, ""2"": 28238}",train,1.0
micrograph26__y00128_x00768.png,0.0,256.0,256.0,micrograph26,128.0,768.0,"{""1"": 39205, ""2"": 26331}",train,1.0
micrograph26__y00256_x00000.png,0.0,256.0,256.0,micrograph26,256.0,0.0,"{""1"": 36745, ""2"": 28791}",train,1.0
micrograph26__y00256_x00128.png,0.0,256.0,256.0,micrograph26,256.0,128.0,"{""1"": 37209, ""2"": 28327}",train,1.0
micrograph26__y00256_x00256.png,0.0,256.0,256.0,micrograph26,256.0,256.0,"{""1"": 38526, ""2"": 27010}",train,1.0
micrograph26__y00256_x00384.png,0.0,256.0,256.0,micrograph26,256.0,384.0,"{""1"": 39255, ""2"": 26281}",train,1.0
micrograph26__y00256_x00512.png,0.0,256.0,256.0,micrograph26,256.0,512.0,"{""1"": 39050, ""2"": 26486}",train,1.0
micrograph26__y00256_x00640.png,0.0,256.0,256.0,micrograph26,256.0,640.0,"{""1"": 38602, ""2"": 26934}",train,1.0
micrograph26__y00256_x00768.png,0.0,256.0,256.0,micrograph26,256.0,768.0,"{""1"": 39125, ""2"": 26411}",train,1.0
micrograph26__y00384_x00000.png,0.0,256.0,256.0,micrograph26,384.0,0.0,"{""1"": 40885, ""2"": 24651}",train,1.0
micrograph26__y00384_x00128.png,0.0,256.0,256.0,micrograph26,384.0,128.0,"{""1"": 40294, ""2"": 25242}",train,1.0
micrograph26__y00384_x00256.png,0.0,256.0,256.0,micrograph26,384.0,256.0,"{""1"": 40190, ""2"": 25346}",train,1.0
micrograph26__y00384_x00384.png,0.0,256.0,256.0,micrograph26,384.0,384.0,"{""1"": 38524, ""2"": 27012}",train,1.0
micrograph26__y00384_x00512.png,0.0,256.0,256.0,micrograph26,384.0,512.0,"{""1"": 38304, ""2"": 27232}",train,1.0
micrograph26__y00384_x00640.png,0.0,256.0,256.0,micrograph26,384.0,640.0,"{""1"": 37840, ""2"": 27696}",train,1.0
micrograph26__y00384_x00768.png,0.0,256.0,256.0,micrograph26,384.0,768.0,"{""1"": 38271, ""2"": 27265}",train,1.0
micrograph27__y00000_x00000.png,0.0,256.0,256.0,micrograph27,0.0,0.0,"{""1"": 37626, ""2"": 27910}",test,1.0
micrograph27__y00000_x00128.png,0.0,256.0,256.0,micrograph27,0.0,128.0,"{""1"": 35148, ""2"": 28335, ""4"": 2053}",test,1.0
micrograph27__y00000_x00256.png,0.0,256.0,256.0,micrograph27,0.0,256.0,"{""1"": 33280, ""2"": 26662, ""4"": 5594}",test,1.0
micrograph27__y00000_x00384.png,0.0,256.0,256.0,micrograph27,0.0,384.0,"{""1"": 34205, ""2"": 24231, ""4"": 7100}",test,1.0
micrograph27__y00000_x00512.png,0.0,256.0,256.0,micrograph27,0.0,512.0,"{""1"": 34981, ""2"": 25112, ""4"": 5443}",test,1.0
micrograph27__y00000_x00640.png,0.0,256.0,256.0,micrograph27,0.0,640.0,"{""1"": 37563, ""2"": 26089, ""4"": 1884}",test,1.0
micrograph27__y00000_x00768.png,0.0,256.0,256.0,micrograph27,0.0,768.0,"{""1"": 39427, ""2"": 26109}",test,1.0
micrograph27__y00128_x00000.png,0.0,256.0,256.0,micrograph27,128.0,0.0,"{""1"": 34633, ""2"": 28287, ""4"": 2616}",test,1.0
micrograph27__y00128_x00128.png,0.0,256.0,256.0,micrograph27,128.0,128.0,"{""1"": 34246, ""2"": 25389, ""4"": 5901}",test,1.0
micrograph27__y00128_x00256.png,0.0,256.0,256.0,micrograph27,128.0,256.0,"{""1"": 34520, ""2"": 24277, ""4"": 6739}",test,1.0
micrograph27__y00128_x00384.png,0.0,256.0,256.0,micrograph27,128.0,384.0,"{""1"": 33677, ""2"": 24846, ""4"": 7013}",test,1.0
micrograph27__y00128_x00512.png,0.0,256.0,256.0,micrograph27,128.0,512.0,"{""1"": 36065, ""2"": 24028, ""4"": 5443}",test,1.0
micrograph27__y00128_x00640.png,0.0,256.0,256.0,micrograph27,128.0,640.0,"{""1"": 39233, ""2"": 24419, ""4"": 1884}",test,1.0
micrograph27__y00128_x00768.png,0.0,256.0,256.0,micrograph27,128.0,768.0,"{""1"": 39082, ""2"": 26454}",test,1.0
micrograph27__y00256_x00000.png,0.0,256.0,256.0,micrograph27,256.0,0.0,"{""1"": 33969, ""2"": 27033, ""4"": 4534}",test,1.0
micrograph27__y00256_x00128.png,0.0,256.0,256.0,micrograph27,256.0,128.0,"{""1"": 32124, ""2"": 20886, ""4"": 12526}",test,1.0
micrograph27__y00256_x00256.png,0.0,256.0,256.0,micrograph27,256.0,256.0,"{""1"": 36830, ""2"": 20660, ""4"": 8046}",test,1.0
micrograph27__y00256_x00384.png,0.0,256.0,256.0,micrograph27,256.0,384.0,"{""1"": 40897, ""2"": 24585, ""4"": 54}",test,1.0
micrograph27__y00256_x00512.png,0.0,256.0,256.0,micrograph27,256.0,512.0,"{""1"": 39421, ""2"": 26115}",test,1.0
micrograph27__y00256_x00640.png,0.0,256.0,256.0,micrograph27,256.0,640.0,"{""1"": 39599, ""2"": 25937}",test,1.0
micrograph27__y00256_x00768.png,0.0,256.0,256.0,micrograph27,256.0,768.0,"{""1"": 38378, ""2"": 27158}",test,1.0
micrograph27__y00384_x00000.png,0.0,256.0,256.0,micrograph27,384.0,0.0,"{""1"": 38397, ""2"": 24811, ""4"": 2328}",test,1.0
micrograph27__y00384_x00128.png,0.0,256.0,256.0,micrograph27,384.0,128.0,"{""1"": 34373, ""2"": 21225, ""4"": 9938}",test,1.0
micrograph27__y00384_x00256.png,0.0,256.0,256.0,micrograph27,384.0,256.0,"{""1"": 31508, ""2"": 15281, ""4"": 18747}",test,1.0
micrograph27__y00384_x00384.png,0.0,256.0,256.0,micrograph27,384.0,384.0,"{""1"": 33948, ""2"": 14599, ""4"": 16989}",test,1.0
micrograph27__y00384_x00512.png,0.0,256.0,256.0,micrograph27,384.0,512.0,"{""1"": 36286, ""2"": 22831, ""4"": 6419}",test,1.0
micrograph27__y00384_x00640.png,0.0,256.0,256.0,micrograph27,384.0,640.0,"{""1"": 37309, ""2"": 28070, ""4"": 157}",test,1.0
micrograph27__y00384_x00768.png,0.0,256.0,256.0,micrograph27,384.0,768.0,"{""1"": 37795, ""2"": 27741}",test,1.0
micrograph28__y00000_x00000.png,0.0,256.0,256.0,micrograph28,0.0,0.0,"{""1"": 23954, ""2"": 6953, ""4"": 34629}",train,4.0
micrograph28__y00000_x00128.png,0.0,256.0,256.0,micrograph28,0.0,128.0,"{""1"": 28009, ""2"": 9211, ""4"": 28316}",train,4.0
micrograph28__y00000_x00256.png,0.0,256.0,256.0,micrograph28,0.0,256.0,"{""1"": 33748, ""2"": 10553, ""4"": 21235}",train,1.0
micrograph28__y00000_x00384.png,0.0,256.0,256.0,micrograph28,0.0,384.0,"{""1"": 39561, ""2"": 17386, ""4"": 8589}",train,1.0
micrograph28__y00000_x00512.png,0.0,256.0,256.0,micrograph28,0.0,512.0,"{""1"": 38101, ""2"": 19958, ""4"": 7477}",train,1.0
micrograph28__y00000_x00640.png,0.0,256.0,256.0,micrograph28,0.0,640.0,"{""1"": 34688, ""2"": 20945, ""4"": 9903}",train,1.0
micrograph28__y00000_x00768.png,0.0,256.0,256.0,micrograph28,0.0,768.0,"{""1"": 38288, ""2"": 24413, ""4"": 2835}",train,1.0
micrograph28__y00128_x00000.png,0.0,256.0,256.0,micrograph28,128.0,0.0,"{""1"": 19432, ""2"": 5005, ""4"": 41099}",train,4.0
micrograph28__y00128_x00128.png,0.0,256.0,256.0,micrograph28,128.0,128.0,"{""1"": 25346, ""2"": 8092, ""4"": 32098}",train,4.0
micrograph28__y00128_x00256.png,0.0,256.0,256.0,micrograph28,128.0,256.0,"{""1"": 27868, ""2"": 8534, ""4"": 29134}",train,4.0
micrograph28__y00128_x00384.png,0.0,256.0,256.0,micrograph28,128.0,384.0,"{""1"": 35396, ""2"": 15993, ""4"": 14147}",train,1.0
micrograph28__y00128_x00512.png,0.0,256.0,256.0,micrograph28,128.0,512.0,"{""1"": 36404, ""2"": 20116, ""4"": 9016}",train,1.0
micrograph28__y00128_x00640.png,0.0,256.0,256.0,micrograph28,128.0,640.0,"{""1"": 27685, ""2"": 15888, ""4"": 21963}",train,1.0
micrograph28__y00128_x00768.png,0.0,256.0,256.0,micrograph28,128.0,768.0,"{""1"": 31905, ""2"": 17740, ""4"": 15891}",train,1.0
micrograph28__y00256_x00000.png,0.0,256.0,256.0,micrograph28,256.0,0.0,"{""1"": 28219, ""2"": 13071, ""4"": 24246}",train,1.0
micrograph28__y00256_x00128.png,0.0,256.0,256.0,micrograph28,256.0,128.0,"{""1"": 28659, ""2"": 9784, ""4"": 27093}",train,1.0
micrograph28__y00256_x00256.png,0.0,256.0,256.0,micrograph28,256.0,256.0,"{""1"": 22449, ""2"": 7645, ""4"": 35442}",train,4.0
micrograph28__y00256_x00384.png,0.0,256.0,256.0,micrograph28,256.0,384.0,"{""1"": 28347, ""2"": 15564, ""4"": 21625}",train,1.0
micrograph28__y00256_x00512.png,0.0,256.0,256.0,micrograph28,256.0,512.0,"{""1"": 38781, ""2"": 24272, ""4"": 2483}",train,1.0
micrograph28__y00256_x00640.png,0.0,256.0,256.0,micrograph28,256.0,640.0,"{""1"": 33631, ""2"": 19702, ""4"": 12203}",train,1.0
micrograph28__y00256_x00768.png,0.0,256.0,256.0,micrograph28,256.0,768.0,"{""1"": 35253, ""2"": 17227, ""4"": 13056}",train,1.0
micrograph28__y00384_x00000.png,0.0,256.0,256.0,micrograph28,384.0,0.0,"{""1"": 37369, ""2"": 19049, ""4"": 9118}",train,1.0
micrograph28__y00384_x00128.png,0.0,256.0,256.0,micrograph28,384.0,128.0,"{""1"": 30949, ""2"": 10384, ""4"": 24203}",train,1.0
micrograph28__y00384_x00256.png,0.0,256.0,256.0,micrograph28,384.0,256.0,"{""1"": 17850, ""2"": 4501, ""4"": 43185}",train,4.0
micrograph28__y00384_x00384.png,0.0,256.0,256.0,micrograph28,384.0,384.0,"{""1"": 25190, ""2"": 10854, ""4"": 29492}",train,4.0
micrograph28__y00384_x00512.png,0.0,256.0,256.0,micrograph28,384.0,512.0,"{""1"": 43488, ""2"": 17153, ""4"": 4895}",train,1.0
micrograph28__y00384_x00640.png,0.0,256.0,256.0,micrograph28,384.0,640.0,"{""1"": 44446, ""2"": 21090}",train,1.0
micrograph28__y00384_x00768.png,0.0,256.0,256.0,micrograph28,384.0,768.0,"{""1"": 42883, ""2"": 22653}",train,1.0
micrograph29__y00000_x00000.png,0.0,256.0,256.0,micrograph29,0.0,0.0,"{""1"": 37289, ""2"": 26089, ""4"": 2158}",test,1.0
micrograph29__y00000_x00128.png,0.0,256.0,256.0,micrograph29,0.0,128.0,"{""1"": 37333, ""2"": 26045, ""4"": 2158}",test,1.0
micrograph29__y00000_x00256.png,0.0,256.0,256.0,micrograph29,0.0,256.0,"{""1"": 37791, ""2"": 27745}",test,1.0
micrograph29__y00000_x00384.png,0.0,256.0,256.0,micrograph29,0.0,384.0,"{""1"": 37736, ""2"": 27800}",test,1.0
micrograph29__y00000_x00512.png,0.0,256.0,256.0,micrograph29,0.0,512.0,"{""1"": 35651, ""2"": 29134, ""4"": 751}",test,1.0
micrograph29__y00000_x00640.png,0.0,256.0,256.0,micrograph29,0.0,640.0,"{""1"": 36715, ""2"": 25741, ""4"": 3080}",test,1.0
micrograph29__y00000_x00768.png,0.0,256.0,256.0,micrograph29,0.0,768.0,"{""1"": 38957, ""2"": 23467, ""4"": 3112}",test,1.0
micrograph29__y00128_x00000.png,0.0,256.0,256.0,micrograph29,128.0,0.0,"{""1"": 37256, ""2"": 28280}",test,1.0
micrograph29__y00128_x00128.png,0.0,256.0,256.0,micrograph29,128.0,128.0,"{""1"": 38494, ""2"": 27042}",test,1.0
micrograph29__y00128_x00256.png,0.0,256.0,256.0,micrograph29,128.0,256.0,"{""1"": 37720, ""2"": 27816}",test,1.0
micrograph29__y00128_x00384.png,0.0,256.0,256.0,micrograph29,128.0,384.0,"{""1"": 36333, ""2"": 29203}",test,1.0
micrograph29__y00128_x00512.png,0.0,256.0,256.0,micrograph29,128.0,512.0,"{""1"": 34580, ""2"": 30956}",test,1.0
micrograph29__y00128_x00640.png,0.0,256.0,256.0,micrograph29,128.0,640.0,"{""1"": 36611, ""2"": 28572, ""4"": 353}",test,1.0
micrograph29__y00128_x00768.png,0.0,256.0,256.0,micrograph29,128.0,768.0,"{""1"": 38422, ""2"": 20936, ""4"": 6178}",test,1.0
micrograph29__y00256_x00000.png,0.0,256.0,256.0,micrograph29,256.0,0.0,"{""1"": 37659, ""2"": 27877}",test,1.0
micrograph29__y00256_x00128.png,0.0,256.0,256.0,micrograph29,256.0,128.0,"{""1"": 39039, ""2"": 26497}",test,1.0
micrograph29__y00256_x00256.png,0.0,256.0,256.0,micrograph29,256.0,256.0,"{""1"": 39408, ""2"": 26128}",test,1.0
micrograph29__y00256_x00384.png,0.0,256.0,256.0,micrograph29,256.0,384.0,"{""1"": 37015, ""2"": 28521}",test,1.0
micrograph29__y00256_x00512.png,0.0,256.0,256.0,micrograph29,256.0,512.0,"{""1"": 34765, ""2"": 30771}",test,1.0
micrograph29__y00256_x00640.png,0.0,256.0,256.0,micrograph29,256.0,640.0,"{""1"": 35977, ""2"": 29535, ""4"": 24}",test,1.0
micrograph29__y00256_x00768.png,0.0,256.0,256.0,micrograph29,256.0,768.0,"{""1"": 37761, ""2"": 22413, ""4"": 5362}",test,1.0
micrograph29__y00384_x00000.png,0.0,256.0,256.0,micrograph29,384.0,0.0,"{""1"": 37656, ""2"": 27880}",test,1.0
micrograph29__y00384_x00128.png,0.0,256.0,256.0,micrograph29,384.0,128.0,"{""1"": 36271, ""2"": 29265}",test,1.0
micrograph29__y00384_x00256.png,0.0,256.0,256.0,micrograph29,384.0,256.0,"{""1"": 36716, ""2"": 28820}",test,1.0
micrograph29__y00384_x00384.png,0.0,256.0,256.0,micrograph29,384.0,384.0,"{""1"": 35910, ""2"": 29626}",test,1.0
micrograph29__y00384_x00512.png,0.0,256.0,256.0,micrograph29,384.0,512.0,"{""1"": 35561, ""2"": 29975}",test,1.0
micrograph29__y00384_x00640.png,0.0,256.0,256.0,micrograph29,384.0,640.0,"{""1"": 36015, ""2"": 29521}",test,1.0
micrograph29__y00384_x00768.png,0.0,256.0,256.0,micrograph29,384.0,768.0,"{""1"": 37532, ""2"": 27708, ""4"": 296}",test,1.0
micrograph3__y00000_x00000.png,0.0,256.0,256.0,micrograph3,0.0,0.0,"{""1"": 30138, ""2"": 23309, ""3"": 203, ""4"": 11886}",val,1.0
micrograph3__y00000_x00128.png,0.0,256.0,256.0,micrograph3,0.0,128.0,"{""1"": 33144, ""2"": 25754, ""3"": 80, ""4"": 6558}",val,1.0
micrograph3__y00000_x00256.png,0.0,256.0,256.0,micrograph3,0.0,256.0,"{""1"": 33271, ""2"": 24427, ""4"": 7838}",val,1.0
micrograph3__y00000_x00384.png,0.0,256.0,256.0,micrograph3,0.0,384.0,"{""1"": 27149, ""2"": 18022, ""4"": 20365}",val,1.0
micrograph3__y00000_x00512.png,0.0,256.0,256.0,micrograph3,0.0,512.0,"{""1"": 27822, ""2"": 18913, ""4"": 18801}",val,1.0
micrograph3__y00000_x00640.png,0.0,256.0,256.0,micrograph3,0.0,640.0,"{""1"": 36179, ""2"": 25627, ""4"": 3730}",val,1.0
micrograph3__y00000_x00768.png,0.0,256.0,256.0,micrograph3,0.0,768.0,"{""1"": 37840, ""2"": 24032, ""4"": 3664}",val,1.0
micrograph3__y00128_x00000.png,0.0,256.0,256.0,micrograph3,128.0,0.0,"{""1"": 34915, ""2"": 28795, ""3"": 123, ""4"": 1703}",val,1.0
micrograph3__y00128_x00128.png,0.0,256.0,256.0,micrograph3,128.0,128.0,"{""1"": 35105, ""2"": 27338, ""4"": 3093}",val,1.0
micrograph3__y00128_x00256.png,0.0,256.0,256.0,micrograph3,128.0,256.0,"{""1"": 35523, ""2"": 27909, ""4"": 2104}",val,1.0
micrograph3__y00128_x00384.png,0.0,256.0,256.0,micrograph3,128.0,384.0,"{""1"": 34780, ""2"": 28424, ""4"": 2332}",val,1.0
micrograph3__y00128_x00512.png,0.0,256.0,256.0,micrograph3,128.0,512.0,"{""1"": 33624, ""2"": 26444, ""4"": 5468}",val,1.0
micrograph3__y00128_x00640.png,0.0,256.0,256.0,micrograph3,128.0,640.0,"{""1"": 35405, ""2"": 26935, ""4"": 3196}",val,1.0
micrograph3__y00128_x00768.png,0.0,256.0,256.0,micrograph3,128.0,768.0,"{""1"": 37248, ""2"": 28288}",val,1.0
micrograph3__y00256_x00000.png,0.0,256.0,256.0,micrograph3,256.0,0.0,"{""1"": 34909, ""2"": 28877, ""4"": 1750}",val,1.0
micrograph3__y00256_x00128.png,0.0,256.0,256.0,micrograph3,256.0,128.0,"{""1"": 32485, ""2"": 25986, ""4"": 7065}",val,1.0
micrograph3__y00256_x00256.png,0.0,256.0,256.0,micrograph3,256.0,256.0,"{""1"": 32814, ""2"": 27407, ""4"": 5315}",val,1.0
micrograph3__y00256_x00384.png,0.0,256.0,256.0,micrograph3,256.0,384.0,"{""1"": 33829, ""2"": 31235, ""4"": 472}",val,1.0
micrograph3__y00256_x00512.png,0.0,256.0,256.0,micrograph3,256.0,512.0,"{""1"": 34395, ""2"": 28064, ""4"": 3077}",val,1.0
micrograph3__y00256_x00640.png,0.0,256.0,256.0,micrograph3,256.0,640.0,"{""1"": 35141, ""2"": 26846, ""4"": 3549}",val,1.0
micrograph3__y00256_x00768.png,0.0,256.0,256.0,micrograph3,256.0,768.0,"{""1"": 34994, ""2"": 28964, ""4"": 1578}",val,1.0
micrograph3__y00384_x00000.png,0.0,256.0,256.0,micrograph3,384.0,0.0,"{""1"": 34541, ""2"": 29197, ""4"": 1798}",val,1.0
micrograph3__y00384_x00128.png,0.0,256.0,256.0,micrograph3,384.0,128.0,"{""1"": 31580, ""2"": 24159, ""4"": 9797}",val,1.0
micrograph3__y00384_x00256.png,0.0,256.0,256.0,micrograph3,384.0,256.0,"{""1"": 31845, ""2"": 24847, ""4"": 8844}",val,1.0
micrograph3__y00384_x00384.png,0.0,256.0,256.0,micrograph3,384.0,384.0,"{""1"": 33877, ""2"": 30678, ""4"": 981}",val,1.0
micrograph3__y00384_x00512.png,0.0,256.0,256.0,micrograph3,384.0,512.0,"{""1"": 34541, ""2"": 30377, ""4"": 618}",val,1.0
micrograph3__y00384_x00640.png,0.0,256.0,256.0,micrograph3,384.0,640.0,"{""1"": 35516, ""2"": 28547, ""4"": 1473}",val,1.0
micrograph3__y00384_x00768.png,0.0,256.0,256.0,micrograph3,384.0,768.0,"{""1"": 34731, ""2"": 28165, ""4"": 2640}",val,1.0
micrograph30__y00000_x00000.png,0.0,256.0,256.0,micrograph30,0.0,0.0,"{""1"": 36371, ""2"": 26766, ""4"": 2399}",train,1.0
micrograph30__y00000_x00128.png,0.0,256.0,256.0,micrograph30,0.0,128.0,"{""1"": 32822, ""2"": 31325, ""4"": 1389}",train,1.0
micrograph30__y00000_x00256.png,0.0,256.0,256.0,micrograph30,0.0,256.0,"{""1"": 31506, ""2"": 32963, ""3"": 976, ""4"": 91}",train,2.0
micrograph30__y00000_x00384.png,0.0,256.0,256.0,micrograph30,0.0,384.0,"{""1"": 25751, ""2"": 29965, ""3"": 9778, ""4"": 42}",train,2.0
micrograph30__y00000_x00512.png,0.0,256.0,256.0,micrograph30,0.0,512.0,"{""1"": 26108, ""2"": 28785, ""3"": 10643}",train,2.0
micrograph30__y00000_x00640.png,0.0,256.0,256.0,micrograph30,0.0,640.0,"{""1"": 33645, ""2"": 29991, ""3"": 1841, ""4"": 59}",train,1.0
micrograph30__y00000_x00768.png,0.0,256.0,256.0,micrograph30,0.0,768.0,"{""1"": 37512, ""2"": 25190, ""4"": 2834}",train,1.0
micrograph30__y00128_x00000.png,0.0,256.0,256.0,micrograph30,128.0,0.0,"{""1"": 36824, ""2"": 21215, ""4"": 7497}",train,1.0
micrograph30__y00128_x00128.png,0.0,256.0,256.0,micrograph30,128.0,128.0,"{""1"": 34360, ""2"": 27521, ""4"": 3655}",train,1.0
micrograph30__y00128_x00256.png,0.0,256.0,256.0,micrograph30,128.0,256.0,"{""1"": 32861, ""2"": 31369, ""3"": 1274, ""4"": 32}",train,1.0
micrograph30__y00128_x00384.png,0.0,256.0,256.0,micrograph30,128.0,384.0,"{""1"": 18100, ""2"": 23946, ""3"": 23477, ""4"": 13}",train,2.0
micrograph30__y00128_x00512.png,0.0,256.0,256.0,micrograph30,128.0,512.0,"{""1"": 13246, ""2"": 22944, ""3"": 27411, ""4"": 1935}",train,3.0
micrograph30__y00128_x00640.png,0.0,256.0,256.0,micrograph30,128.0,640.0,"{""1"": 27286, ""2"": 29935, ""3"": 5208, ""4"": 3107}",train,2.0
micrograph30__y00128_x00768.png,0.0,256.0,256.0,micrograph30,128.0,768.0,"{""1"": 35508, ""2"": 28856, ""4"": 1172}",train,1.0
micrograph30__y00256_x00000.png,0.0,256.0,256.0,micrograph30,256.0,0.0,"{""1"": 35786, ""2"": 20026, ""4"": 9724}",train,1.0
micrograph30__y00256_x00128.png,0.0,256.0,256.0,micrograph30,256.0,128.0,"{""1"": 34009, ""2"": 26751, ""4"": 4776}",train,1.0
micrograph30__y00256_x00256.png,0.0,256.0,256.0,micrograph30,256.0,256.0,"{""1"": 34352, ""2"": 30406, ""3"": 298, ""4"": 480}",train,1.0
micrograph30__y00256_x00384.png,0.0,256.0,256.0,micrograph30,256.0,384.0,"{""1"": 25800, ""2"": 23324, ""3"": 13699, ""4"": 2713}",train,1.0
micrograph30__y00256_x00512.png,0.0,256.0,256.0,micrograph30,256.0,512.0,"{""1"": 21713, ""2"": 22887, ""3"": 16768, ""4"": 4168}",train,2.0
micrograph30__y00256_x00640.png,0.0,256.0,256.0,micrograph30,256.0,640.0,"{""1"": 29359, ""2"": 29703, ""3"": 3367, ""4"": 3107}",train,2.0
micrograph30__y00256_x00768.png,0.0,256.0,256.0,micrograph30,256.0,768.0,"{""1"": 34335, ""2"": 30029, ""4"": 1172}",train,1.0
micrograph30__y00384_x00000.png,0.0,256.0,256.0,micrograph30,384.0,0.0,"{""1"": 34799, ""2"": 24901, ""4"": 5836}",train,1.0
micrograph30__y00384_x00128.png,0.0,256.0,256.0,micrograph30,384.0,128.0,"{""1"": 33957, ""2"": 27868, ""4"": 3711}",train,1.0
micrograph30__y00384_x00256.png,0.0,256.0,256.0,micrograph30,384.0,256.0,"{""1"": 34308, ""2"": 30727, ""4"": 501}",train,1.0
micrograph30__y00384_x00384.png,0.0,256.0,256.0,micrograph30,384.0,384.0,"{""0"": 87, ""1"": 33981, ""2"": 28755, ""4"": 2713}",train,1.0
micrograph30__y00384_x00512.png,0.0,256.0,256.0,micrograph30,384.0,512.0,"{""0"": 87, ""1"": 34083, ""2"": 29133, ""4"": 2233}",train,1.0
micrograph30__y00384_x00640.png,0.0,256.0,256.0,micrograph30,384.0,640.0,"{""0"": 128, ""1"": 33549, ""2"": 31859}",train,1.0
micrograph30__y00384_x00768.png,0.0,256.0,256.0,micrograph30,384.0,768.0,"{""0"": 144, ""1"": 35041, ""2"": 30351}",train,1.0
micrograph31__y00000_x00000.png,0.0,256.0,256.0,micrograph31,0.0,0.0,"{""1"": 41996, ""2"": 23540}",train,1.0
micrograph31__y00000_x00128.png,0.0,256.0,256.0,micrograph31,0.0,128.0,"{""1"": 37338, ""2"": 28198}",train,1.0
micrograph31__y00000_x00256.png,0.0,256.0,256.0,micrograph31,0.0,256.0,"{""1"": 35297, ""2"": 30239}",train,1.0
micrograph31__y00000_x00384.png,0.0,256.0,256.0,micrograph31,0.0,384.0,"{""1"": 33848, ""2"": 31688}",train,1.0
micrograph31__y00000_x00512.png,0.0,256.0,256.0,micrograph31,0.0,512.0,"{""1"": 34010, ""2"": 31526}",train,1.0
micrograph31__y00000_x00640.png,0.0,256.0,256.0,micrograph31,0.0,640.0,"{""1"": 34829, ""2"": 30707}",train,1.0
micrograph31__y00000_x00768.png,0.0,256.0,256.0,micrograph31,0.0,768.0,"{""1"": 36100, ""2"": 29436}",train,1.0
micrograph31__y00128_x00000.png,0.0,256.0,256.0,micrograph31,128.0,0.0,"{""1"": 40474, ""2"": 25062}",train,1.0
micrograph31__y00128_x00128.png,0.0,256.0,256.0,micrograph31,128.0,128.0,"{""1"": 36154, ""2"": 29382}",train,1.0
micrograph31__y00128_x00256.png,0.0,256.0,256.0,micrograph31,128.0,256.0,"{""1"": 34895, ""2"": 30641}",train,1.0
micrograph31__y00128_x00384.png,0.0,256.0,256.0,micrograph31,128.0,384.0,"{""1"": 35035, ""2"": 30501}",train,1.0
micrograph31__y00128_x00512.png,0.0,256.0,256.0,micrograph31,128.0,512.0,"{""1"": 35720, ""2"": 29816}",train,1.0
micrograph31__y00128_x00640.png,0.0,256.0,256.0,micrograph31,128.0,640.0,"{""1"": 35911, ""2"": 29625}",train,1.0
micrograph31__y00128_x00768.png,0.0,256.0,256.0,micrograph31,128.0,768.0,"{""1"": 34948, ""2"": 30588}",train,1.0
micrograph31__y00256_x00000.png,0.0,256.0,256.0,micrograph31,256.0,0.0,"{""1"": 39186, ""2"": 26350}",train,1.0
micrograph31__y00256_x00128.png,0.0,256.0,256.0,micrograph31,256.0,128.0,"{""1"": 35099, ""2"": 30437}",train,1.0
micrograph31__y00256_x00256.png,0.0,256.0,256.0,micrograph31,256.0,256.0,"{""1"": 33459, ""2"": 32077}",train,1.0
micrograph31__y00256_x00384.png,0.0,256.0,256.0,micrograph31,256.0,384.0,"{""1"": 35051, ""2"": 30485}",train,1.0
micrograph31__y00256_x00512.png,0.0,256.0,256.0,micrograph31,256.0,512.0,"{""1"": 36760, ""2"": 28776}",train,1.0
micrograph31__y00256_x00640.png,0.0,256.0,256.0,micrograph31,256.0,640.0,"{""1"": 36211, ""2"": 29325}",train,1.0
micrograph31__y00256_x00768.png,0.0,256.0,256.0,micrograph31,256.0,768.0,"{""1"": 34583, ""2"": 30953}",train,1.0
micrograph31__y00384_x00000.png,0.0,256.0,256.0,micrograph31,384.0,0.0,"{""1"": 39320, ""2"": 26216}",train,1.0
micrograph31__y00384_x00128.png,0.0,256.0,256.0,micrograph31,384.0,128.0,"{""1"": 35423, ""2"": 30113}",train,1.0
micrograph31__y00384_x00256.png,0.0,256.0,256.0,micrograph31,384.0,256.0,"{""1"": 34349, ""2"": 31187}",train,1.0
micrograph31__y00384_x00384.png,0.0,256.0,256.0,micrograph31,384.0,384.0,"{""1"": 36068, ""2"": 29468}",train,1.0
micrograph31__y00384_x00512.png,0.0,256.0,256.0,micrograph31,384.0,512.0,"{""1"": 36314, ""2"": 29222}",train,1.0
micrograph31__y00384_x00640.png,0.0,256.0,256.0,micrograph31,384.0,640.0,"{""1"": 33619, ""2"": 31917}",train,1.0
micrograph31__y00384_x00768.png,0.0,256.0,256.0,micrograph31,384.0,768.0,"{""1"": 33811, ""2"": 31725}",train,1.0
micrograph32__y00000_x00000.png,0.0,256.0,256.0,micrograph32,0.0,0.0,"{""1"": 35383, ""2"": 26263, ""4"": 3890}",train,1.0
micrograph32__y00000_x00128.png,0.0,256.0,256.0,micrograph32,0.0,128.0,"{""1"": 34875, ""2"": 22217, ""4"": 8444}",train,1.0
micrograph32__y00000_x00256.png,0.0,256.0,256.0,micrograph32,0.0,256.0,"{""1"": 32690, ""2"": 23194, ""4"": 9652}",train,1.0
micrograph32__y00000_x00384.png,0.0,256.0,256.0,micrograph32,0.0,384.0,"{""1"": 34518, ""2"": 27621, ""4"": 3397}",train,1.0
micrograph32__y00000_x00512.png,0.0,256.0,256.0,micrograph32,0.0,512.0,"{""1"": 35537, ""2"": 29580, ""4"": 419}",train,1.0
micrograph32__y00000_x00640.png,0.0,256.0,256.0,micrograph32,0.0,640.0,"{""1"": 33969, ""2"": 31567}",train,1.0
micrograph32__y00128_x00000.png,0.0,256.0,256.0,micrograph32,128.0,0.0,"{""1"": 32519, ""2"": 26844, ""4"": 6173}",train,1.0
micrograph32__y00128_x00128.png,0.0,256.0,256.0,micrograph32,128.0,128.0,"{""1"": 34038, ""2"": 26203, ""4"": 5295}",train,1.0
micrograph32__y00128_x00256.png,0.0,256.0,256.0,micrograph32,128.0,256.0,"{""1"": 33260, ""2"": 22347, ""4"": 9929}",train,1.0
micrograph32__y00128_x00384.png,0.0,256.0,256.0,micrograph32,128.0,384.0,"{""1"": 35806, ""2"": 21369, ""4"": 8361}",train,1.0
micrograph32__y00128_x00512.png,0.0,256.0,256.0,micrograph32,128.0,512.0,"{""1"": 39241, ""2"": 25477, ""4"": 818}",train,1.0
micrograph32__y00128_x00640.png,0.0,256.0,256.0,micrograph32,128.0,640.0,"{""1"": 36962, ""2"": 28574}",train,1.0
micrograph32__y00256_x00000.png,0.0,256.0,256.0,micrograph32,256.0,0.0,"{""1"": 34450, ""2"": 24849, ""4"": 6237}",train,1.0
micrograph32__y00256_x00128.png,0.0,256.0,256.0,micrograph32,256.0,128.0,"{""1"": 36691, ""2"": 25936, ""4"": 2909}",train,1.0
micrograph32__y00256_x00256.png,0.0,256.0,256.0,micrograph32,256.0,256.0,"{""1"": 36278, ""2"": 24326, ""4"": 4932}",train,1.0
micrograph32__y00256_x00384.png,0.0,256.0,256.0,micrograph32,256.0,384.0,"{""1"": 37521, ""2"": 22684, ""4"": 5331}",train,1.0
micrograph32__y00256_x00512.png,0.0,256.0,256.0,micrograph32,256.0,512.0,"{""1"": 40323, ""2"": 24814, ""4"": 399}",train,1.0
micrograph32__y00256_x00640.png,0.0,256.0,256.0,micrograph32,256.0,640.0,"{""1"": 39551, ""2"": 25985}",train,1.0
micrograph32__y00384_x00000.png,0.0,256.0,256.0,micrograph32,384.0,0.0,"{""1"": 37289, ""2"": 28041, ""4"": 206}",train,1.0
micrograph32__y00384_x00128.png,0.0,256.0,256.0,micrograph32,384.0,128.0,"{""1"": 37395, ""2"": 28141}",train,1.0
micrograph32__y00384_x00256.png,0.0,256.0,256.0,micrograph32,384.0,256.0,"{""1"": 38428, ""2"": 26741, ""4"": 367}",train,1.0
micrograph32__y00384_x00384.png,0.0,256.0,256.0,micrograph32,384.0,384.0,"{""1"": 39691, ""2"": 25478, ""4"": 367}",train,1.0
micrograph32__y00384_x00512.png,0.0,256.0,256.0,micrograph32,384.0,512.0,"{""1"": 40040, ""2"": 25496}",train,1.0
micrograph32__y00384_x00640.png,0.0,256.0,256.0,micrograph32,384.0,640.0,"{""1"": 39694, ""2"": 25842}",train,1.0
micrograph33__y00000_x00000.png,0.0,256.0,256.0,micrograph33,0.0,0.0,"{""1"": 36560, ""2"": 28976}",train,1.0
micrograph33__y00000_x00128.png,0.0,256.0,256.0,micrograph33,0.0,128.0,"{""0"": 107, ""1"": 36470, ""2"": 28959}",train,1.0
micrograph33__y00000_x00256.png,0.0,256.0,256.0,micrograph33,0.0,256.0,"{""0"": 487, ""1"": 34932, ""2"": 30117}",train,1.0
micrograph33__y00000_x00384.png,0.0,256.0,256.0,micrograph33,0.0,384.0,"{""0"": 742, ""1"": 31516, ""2"": 30982, ""3"": 2296}",train,1.0
micrograph33__y00000_x00512.png,0.0,256.0,256.0,micrograph33,0.0,512.0,"{""0"": 692, ""1"": 32465, ""2"": 30083, ""3"": 2296}",train,1.0
micrograph33__y00000_x00640.png,0.0,256.0,256.0,micrograph33,0.0,640.0,"{""0"": 656, ""1"": 33896, ""2"": 30984}",train,1.0
micrograph33__y00128_x00000.png,0.0,256.0,256.0,micrograph33,128.0,0.0,"{""1"": 37103, ""2"": 28433}",train,1.0
micrograph33__y00128_x00128.png,0.0,256.0,256.0,micrograph33,128.0,128.0,"{""0"": 107, ""1"": 35557, ""2"": 29872}",train,1.0
micrograph33__y00128_x00256.png,0.0,256.0,256.0,micrograph33,128.0,256.0,"{""0"": 556, ""1"": 35248, ""2"": 29732}",train,1.0
micrograph33__y00128_x00384.png,0.0,256.0,256.0,micrograph33,128.0,384.0,"{""0"": 811, ""1"": 35231, ""2"": 27198, ""3"": 2296}",train,1.0
micrograph33__y00128_x00512.png,0.0,256.0,256.0,micrograph33,128.0,512.0,"{""0"": 687, ""1"": 35552, ""2"": 27001, ""3"": 2296}",train,1.0
micrograph33__y00128_x00640.png,0.0,256.0,256.0,micrograph33,128.0,640.0,"{""0"": 796, ""1"": 35449, ""2"": 29291}",train,1.0
micrograph33__y00256_x00000.png,0.0,256.0,256.0,micrograph33,256.0,0.0,"{""1"": 36395, ""2"": 29141}",train,1.0
micrograph33__y00256_x00128.png,0.0,256.0,256.0,micrograph33,256.0,128.0,"{""1"": 35794, ""2"": 29742}",train,1.0
micrograph33__y00256_x00256.png,0.0,256.0,256.0,micrograph33,256.0,256.0,"{""0"": 69, ""1"": 37229, ""2"": 28238}",train,1.0
micrograph33__y00256_x00384.png,0.0,256.0,256.0,micrograph33,256.0,384.0,"{""0"": 69, ""1"": 40826, ""2"": 24641}",train,1.0
micrograph33__y00256_x00512.png,0.0,256.0,256.0,micrograph33,256.0,512.0,"{""0"": 215, ""1"": 40348, ""2"": 24973}",train,1.0
micrograph33__y00256_x00640.png,0.0,256.0,256.0,micrograph33,256.0,640.0,"{""0"": 704, ""1"": 36290, ""2"": 28542}",train,1.0
micrograph33__y00384_x00000.png,0.0,256.0,256.0,micrograph33,384.0,0.0,"{""1"": 36834, ""2"": 28702}",train,1.0
micrograph33__y00384_x00128.png,0.0,256.0,256.0,micrograph33,384.0,128.0,"{""1"": 36209, ""2"": 29327}",train,1.0
micrograph33__y00384_x00256.png,0.0,256.0,256.0,micrograph33,384.0,256.0,"{""1"": 36360, ""2"": 29176}",train,1.0
micrograph33__y00384_x00384.png,0.0,256.0,256.0,micrograph33,384.0,384.0,"{""1"": 36877, ""2"": 28659}",train,1.0
micrograph33__y00384_x00512.png,0.0,256.0,256.0,micrograph33,384.0,512.0,"{""1"": 38872, ""2"": 26664}",train,1.0
micrograph33__y00384_x00640.png,0.0,256.0,256.0,micrograph33,384.0,640.0,"{""0"": 505, ""1"": 38594, ""2"": 26437}",train,1.0
micrograph34__y00000_x00000.png,0.0,256.0,256.0,micrograph34,0.0,0.0,"{""0"": 2858, ""1"": 39669, ""2"": 23009}",val,1.0
micrograph34__y00000_x00128.png,0.0,256.0,256.0,micrograph34,0.0,128.0,"{""0"": 4932, ""1"": 44310, ""2"": 16294}",val,1.0
micrograph34__y00000_x00256.png,0.0,256.0,256.0,micrograph34,0.0,256.0,"{""0"": 8008, ""1"": 43095, ""2"": 14433}",val,1.0
micrograph34__y00000_x00384.png,0.0,256.0,256.0,micrograph34,0.0,384.0,"{""0"": 9695, ""1"": 40060, ""2"": 15781}",val,1.0
micrograph34__y00000_x00512.png,0.0,256.0,256.0,micrograph34,0.0,512.0,"{""0"": 7947, ""1"": 40385, ""2"": 17204}",val,1.0
micrograph34__y00000_x00640.png,0.0,256.0,256.0,micrograph34,0.0,640.0,"{""0"": 4921, ""1"": 37871, ""2"": 14927, ""4"": 7817}",val,1.0
micrograph34__y00000_x00768.png,0.0,256.0,256.0,micrograph34,0.0,768.0,"{""0"": 2193, ""1"": 33064, ""2"": 12439, ""4"": 17840}",val,1.0
micrograph34__y00128_x00000.png,0.0,256.0,256.0,micrograph34,128.0,0.0,"{""0"": 947, ""1"": 44410, ""2"": 20179}",val,1.0
micrograph34__y00128_x00128.png,0.0,256.0,256.0,micrograph34,128.0,128.0,"{""0"": 2414, ""1"": 44328, ""2"": 18794}",val,1.0
micrograph34__y00128_x00256.png,0.0,256.0,256.0,micrograph34,128.0,256.0,"{""0"": 4148, ""1"": 42880, ""2"": 18508}",val,1.0
micrograph34__y00128_x00384.png,0.0,256.0,256.0,micrograph34,128.0,384.0,"{""0"": 6263, ""1"": 41880, ""2"": 17393}",val,1.0
micrograph34__y00128_x00512.png,0.0,256.0,256.0,micrograph34,128.0,512.0,"{""0"": 5443, ""1"": 42007, ""2"": 15541, ""4"": 2545}",val,1.0
micrograph34__y00128_x00640.png,0.0,256.0,256.0,micrograph34,128.0,640.0,"{""0"": 2304, ""1"": 43653, ""2"": 13309, ""4"": 6270}",val,1.0
micrograph34__y00128_x00768.png,0.0,256.0,256.0,micrograph34,128.0,768.0,"{""0"": 822, ""1"": 46123, ""2"": 14712, ""4"": 3879}",val,1.0
micrograph34__y00256_x00000.png,0.0,256.0,256.0,micrograph34,256.0,0.0,"{""0"": 150, ""1"": 46033, ""2"": 19347, ""4"": 6}",val,1.0
micrograph34__y00256_x00128.png,0.0,256.0,256.0,micrograph34,256.0,128.0,"{""0"": 393, ""1"": 44750, ""2"": 18925, ""4"": 1468}",val,1.0
micrograph34__y00256_x00256.png,0.0,256.0,256.0,micrograph34,256.0,256.0,"{""0"": 474, ""1"": 44772, ""2"": 18828, ""4"": 1462}",val,1.0
micrograph34__y00256_x00384.png,0.0,256.0,256.0,micrograph34,256.0,384.0,"{""0"": 1932, ""1"": 46447, ""2"": 17157}",val,1.0
micrograph34__y00256_x00512.png,0.0,256.0,256.0,micrograph34,256.0,512.0,"{""0"": 2232, ""1"": 45670, ""2"": 15089, ""4"": 2545}",val,1.0
micrograph34__y00256_x00640.png,0.0,256.0,256.0,micrograph34,256.0,640.0,"{""0"": 478, ""1"": 45693, ""2"": 14288, ""4"": 5077}",val,1.0
micrograph34__y00256_x00768.png,0.0,256.0,256.0,micrograph34,256.0,768.0,"{""1"": 46311, ""2"": 14290, ""4"": 4935}",val,1.0
micrograph34__y00384_x00000.png,0.0,256.0,256.0,micrograph34,384.0,0.0,"{""0"": 588, ""1"": 42672, ""2"": 18567, ""4"": 3709}",val,1.0
micrograph34__y00384_x00128.png,0.0,256.0,256.0,micrograph34,384.0,128.0,"{""0"": 812, ""1"": 43733, ""2"": 14848, ""4"": 6143}",val,1.0
micrograph34__y00384_x00256.png,0.0,256.0,256.0,micrograph34,384.0,256.0,"{""0"": 224, ""1"": 46777, ""2"": 15904, ""4"": 2631}",val,1.0
micrograph34__y00384_x00384.png,0.0,256.0,256.0,micrograph34,384.0,384.0,"{""1"": 49700, ""2"": 15836}",val,1.0
micrograph34__y00384_x00512.png,0.0,256.0,256.0,micrograph34,384.0,512.0,"{""1"": 50105, ""2"": 15431}",val,1.0
micrograph34__y00384_x00640.png,0.0,256.0,256.0,micrograph34,384.0,640.0,"{""1"": 48118, ""2"": 16992, ""4"": 426}",val,1.0
micrograph34__y00384_x00768.png,0.0,256.0,256.0,micrograph34,384.0,768.0,"{""1"": 45004, ""2"": 17857, ""4"": 2675}",val,1.0
micrograph35__y00000_x00000.png,0.0,256.0,256.0,micrograph35,0.0,0.0,"{""0"": 1051, ""1"": 37678, ""2"": 26807}",train,1.0
micrograph35__y00000_x00128.png,0.0,256.0,256.0,micrograph35,0.0,128.0,"{""0"": 428, ""1"": 37912, ""2"": 27196}",train,1.0
micrograph35__y00000_x00256.png,0.0,256.0,256.0,micrograph35,0.0,256.0,"{""0"": 811, ""1"": 35595, ""2"": 29130}",train,1.0
micrograph35__y00000_x00384.png,0.0,256.0,256.0,micrograph35,0.0,384.0,"{""0"": 762, ""1"": 35232, ""2"": 29542}",train,1.0
micrograph35__y00000_x00512.png,0.0,256.0,256.0,micrograph35,0.0,512.0,"{""0"": 894, ""1"": 36604, ""2"": 28038}",train,1.0
micrograph35__y00000_x00640.png,0.0,256.0,256.0,micrograph35,0.0,640.0,"{""0"": 2097, ""1"": 35901, ""2"": 27538}",train,1.0
micrograph35__y00000_x00768.png,0.0,256.0,256.0,micrograph35,0.0,768.0,"{""0"": 2132, ""1"": 34511, ""2"": 28893}",train,1.0
micrograph35__y00128_x00000.png,0.0,256.0,256.0,micrograph35,128.0,0.0,"{""0"": 50, ""1"": 37720, ""2"": 27766}",train,1.0
micrograph35__y00128_x00128.png,0.0,256.0,256.0,micrograph35,128.0,128.0,"{""0"": 283, ""1"": 38523, ""2"": 26730}",train,1.0
micrograph35__y00128_x00256.png,0.0,256.0,256.0,micrograph35,128.0,256.0,"{""0"": 1185, ""1"": 37629, ""2"": 26722}",train,1.0
micrograph35__y00128_x00384.png,0.0,256.0,256.0,micrograph35,128.0,384.0,"{""0"": 1506, ""1"": 36328, ""2"": 27702}",train,1.0
micrograph35__y00128_x00512.png,0.0,256.0,256.0,micrograph35,128.0,512.0,"{""0"": 943, ""1"": 36345, ""2"": 28248}",train,1.0
micrograph35__y00128_x00640.png,0.0,256.0,256.0,micrograph35,128.0,640.0,"{""0"": 2317, ""1"": 35923, ""2"": 27296}",train,1.0
micrograph35__y00128_x00768.png,0.0,256.0,256.0,micrograph35,128.0,768.0,"{""0"": 2673, ""1"": 36113, ""2"": 26750}",train,1.0
micrograph35__y00256_x00000.png,0.0,256.0,256.0,micrograph35,256.0,0.0,"{""1"": 37956, ""2"": 27580}",train,1.0
micrograph35__y00256_x00128.png,0.0,256.0,256.0,micrograph35,256.0,128.0,"{""1"": 36410, ""2"": 29126}",train,1.0
micrograph35__y00256_x00256.png,0.0,256.0,256.0,micrograph35,256.0,256.0,"{""0"": 573, ""1"": 36504, ""2"": 28399, ""3"": 60}",train,1.0
micrograph35__y00256_x00384.png,0.0,256.0,256.0,micrograph35,256.0,384.0,"{""0"": 1806, ""1"": 35778, ""2"": 27892, ""3"": 60}",train,1.0
micrograph35__y00256_x00512.png,0.0,256.0,256.0,micrograph35,256.0,512.0,"{""0"": 2283, ""1"": 35787, ""2"": 27466}",train,1.0
micrograph35__y00256_x00640.png,0.0,256.0,256.0,micrograph35,256.0,640.0,"{""0"": 2381, ""1"": 35966, ""2"": 27189}",train,1.0
micrograph35__y00256_x00768.png,0.0,256.0,256.0,micrograph35,256.0,768.0,"{""0"": 1331, ""1"": 37035, ""2"": 27170}",train,1.0
micrograph35__y00384_x00000.png,0.0,256.0,256.0,micrograph35,384.0,0.0,"{""1"": 39403, ""2"": 26133}",train,1.0
micrograph35__y00384_x00128.png,0.0,256.0,256.0,micrograph35,384.0,128.0,"{""1"": 37308, ""2"": 28228}",train,1.0
micrograph35__y00384_x00256.png,0.0,256.0,256.0,micrograph35,384.0,256.0,"{""1"": 38188, ""2"": 27288, ""3"": 60}",train,1.0
micrograph35__y00384_x00384.png,0.0,256.0,256.0,micrograph35,384.0,384.0,"{""0"": 813, ""1"": 38381, ""2"": 26282, ""3"": 60}",train,1.0
micrograph35__y00384_x00512.png,0.0,256.0,256.0,micrograph35,384.0,512.0,"{""0"": 1543, ""1"": 35631, ""2"": 28362}",train,1.0
micrograph35__y00384_x00640.png,0.0,256.0,256.0,micrograph35,384.0,640.0,"{""0"": 1117, ""1"": 34546, ""2"": 29873}",train,1.0
micrograph35__y00384_x00768.png,0.0,256.0,256.0,micrograph35,384.0,768.0,"{""0"": 387, ""1"": 36084, ""2"": 29065}",train,1.0
micrograph36__y00000_x00000.png,0.0,256.0,256.0,micrograph36,0.0,0.0,"{""1"": 34493, ""2"": 29686, ""3"": 1357}",train,1.0
micrograph36__y00000_x00128.png,0.0,256.0,256.0,micrograph36,0.0,128.0,"{""1"": 30873, ""2"": 29363, ""3"": 3122, ""4"": 2178}",train,1.0
micrograph36__y00000_x00256.png,0.0,256.0,256.0,micrograph36,0.0,256.0,"{""1"": 29260, ""2"": 28076, ""3"": 4571, ""4"": 3629}",train,1.0
micrograph36__y00000_x00384.png,0.0,256.0,256.0,micrograph36,0.0,384.0,"{""0"": 142, ""1"": 34553, ""2"": 26345, ""3"": 2806, ""4"": 1690}",train,1.0
micrograph36__y00000_x00512.png,0.0,256.0,256.0,micrograph36,0.0,512.0,"{""0"": 564, ""1"": 39183, ""2"": 25523, ""4"": 266}",train,1.0
micrograph36__y00000_x00640.png,0.0,256.0,256.0,micrograph36,0.0,640.0,"{""0"": 679, ""1"": 41442, ""2"": 23388, ""4"": 27}",train,1.0
micrograph36__y00000_x00768.png,0.0,256.0,256.0,micrograph36,0.0,768.0,"{""0"": 508, ""1"": 41597, ""2"": 21958, ""4"": 1473}",train,1.0
micrograph36__y00128_x00000.png,0.0,256.0,256.0,micrograph36,128.0,0.0,"{""1"": 35995, ""2"": 26372, ""4"": 3169}",train,1.0
micrograph36__y00128_x00128.png,0.0,256.0,256.0,micrograph36,128.0,128.0,"{""1"": 33438, ""2"": 24991, ""3"": 1321, ""4"": 5786}",train,1.0
micrograph36__y00128_x00256.png,0.0,256.0,256.0,micrograph36,128.0,256.0,"{""1"": 24083, ""2"": 31609, ""3"": 7004, ""4"": 2840}",train,2.0
micrograph36__y00128_x00384.png,0.0,256.0,256.0,micrograph36,128.0,384.0,"{""0"": 129, ""1"": 23739, ""2"": 32068, ""3"": 7693, ""4"": 1907}",train,2.0
micrograph36__y00128_x00512.png,0.0,256.0,256.0,micrograph36,128.0,512.0,"{""0"": 565, ""1"": 34117, ""2"": 27128, ""3"": 2010, ""4"": 1716}",train,1.0
micrograph36__y00128_x00640.png,0.0,256.0,256.0,micrograph36,128.0,640.0,"{""0"": 588, ""1"": 40482, ""2"": 24434, ""4"": 32}",train,1.0
micrograph36__y00128_x00768.png,0.0,256.0,256.0,micrograph36,128.0,768.0,"{""0"": 326, ""1"": 39593, ""2"": 21663, ""4"": 3954}",train,1.0
micrograph36__y00256_x00000.png,0.0,256.0,256.0,micrograph36,256.0,0.0,"{""1"": 35359, ""2"": 25508, ""4"": 4669}",train,1.0
micrograph36__y00256_x00128.png,0.0,256.0,256.0,micrograph36,256.0,128.0,"{""1"": 35205, ""2"": 22784, ""4"": 7547}",train,1.0
micrograph36__y00256_x00256.png,0.0,256.0,256.0,micrograph36,256.0,256.0,"{""1"": 27914, ""2"": 30186, ""3"": 4203, ""4"": 3233}",train,2.0
micrograph36__y00256_x00384.png,0.0,256.0,256.0,micrograph36,256.0,384.0,"{""0"": 2, ""1"": 21274, ""2"": 34495, ""3"": 7936, ""4"": 1829}",train,2.0
micrograph36__y00256_x00512.png,0.0,256.0,256.0,micrograph36,256.0,512.0,"{""0"": 110, ""1"": 28736, ""2"": 31459, ""3"": 3733, ""4"": 1498}",train,2.0
micrograph36__y00256_x00640.png,0.0,256.0,256.0,micrograph36,256.0,640.0,"{""0"": 401, ""1"": 37440, ""2"": 27672, ""4"": 23}",train,1.0
micrograph36__y00256_x00768.png,0.0,256.0,256.0,micrograph36,256.0,768.0,"{""0"": 451, ""1"": 37714, ""2"": 23198, ""4"": 4173}",train,1.0
micrograph36__y00384_x00000.png,0.0,256.0,256.0,micrograph36,384.0,0.0,"{""1"": 32834, ""2"": 27589, ""4"": 5113}",train,1.0
micrograph36__y00384_x00128.png,0.0,256.0,256.0,micrograph36,384.0,128.0,"{""1"": 31950, ""2"": 28162, ""4"": 5424}",train,1.0
micrograph36__y00384_x00256.png,0.0,256.0,256.0,micrograph36,384.0,256.0,"{""1"": 29108, ""2"": 31222, ""3"": 1934, ""4"": 3272}",train,2.0
micrograph36__y00384_x00384.png,0.0,256.0,256.0,micrograph36,384.0,384.0,"{""1"": 26033, ""2"": 32478, ""3"": 3657, ""4"": 3368}",train,2.0
micrograph36__y00384_x00512.png,0.0,256.0,256.0,micrograph36,384.0,512.0,"{""0"": 4, ""1"": 30836, ""2"": 29492, ""3"": 1723, ""4"": 3481}",train,1.0
micrograph36__y00384_x00640.png,0.0,256.0,256.0,micrograph36,384.0,640.0,"{""0"": 323, ""1"": 36961, ""2"": 26226, ""4"": 2026}",train,1.0
micrograph36__y00384_x00768.png,0.0,256.0,256.0,micrograph36,384.0,768.0,"{""0"": 549, ""1"": 38092, ""2"": 24491, ""4"": 2404}",train,1.0
micrograph37__y00000_x00000.png,0.0,256.0,256.0,micrograph37,0.0,0.0,"{""1"": 45489, ""2"": 16878, ""4"": 3169}",train,1.0
micrograph37__y00000_x00128.png,0.0,256.0,256.0,micrograph37,0.0,128.0,"{""1"": 49022, ""2"": 15881, ""4"": 633}",train,1.0
micrograph37__y00000_x00256.png,0.0,256.0,256.0,micrograph37,0.0,256.0,"{""1"": 45776, ""2"": 18003, ""4"": 1757}",train,1.0
micrograph37__y00000_x00384.png,0.0,256.0,256.0,micrograph37,0.0,384.0,"{""1"": 41425, ""2"": 15878, ""4"": 8233}",train,1.0
micrograph37__y00000_x00512.png,0.0,256.0,256.0,micrograph37,0.0,512.0,"{""1"": 40857, ""2"": 13622, ""4"": 11057}",train,1.0
micrograph37__y00000_x00640.png,0.0,256.0,256.0,micrograph37,0.0,640.0,"{""1"": 45653, ""2"": 15302, ""4"": 4581}",train,1.0
micrograph37__y00000_x00768.png,0.0,256.0,256.0,micrograph37,0.0,768.0,"{""1"": 46870, ""2"": 15065, ""4"": 3601}",train,1.0
micrograph37__y00128_x00000.png,0.0,256.0,256.0,micrograph37,128.0,0.0,"{""1"": 37689, ""2"": 10679, ""4"": 17168}",train,1.0
micrograph37__y00128_x00128.png,0.0,256.0,256.0,micrograph37,128.0,128.0,"{""0"": 11, ""1"": 39403, ""2"": 13760, ""4"": 12362}",train,1.0
micrograph37__y00128_x00256.png,0.0,256.0,256.0,micrograph37,128.0,256.0,"{""0"": 11, ""1"": 46442, ""2"": 18125, ""4"": 958}",train,1.0
micrograph37__y00128_x00384.png,0.0,256.0,256.0,micrograph37,128.0,384.0,"{""1"": 44280, ""2"": 16901, ""4"": 4355}",train,1.0
micrograph37__y00128_x00512.png,0.0,256.0,256.0,micrograph37,128.0,512.0,"{""1"": 39792, ""2"": 11278, ""4"": 14466}",train,1.0
micrograph37__y00128_x00640.png,0.0,256.0,256.0,micrograph37,128.0,640.0,"{""1"": 40595, ""2"": 10167, ""4"": 14774}",train,1.0
micrograph37__y00128_x00768.png,0.0,256.0,256.0,micrograph37,128.0,768.0,"{""1"": 41215, ""2"": 11071, ""4"": 13250}",train,1.0
micrograph37__y00256_x00000.png,0.0,256.0,256.0,micrograph37,256.0,0.0,"{""1"": 34217, ""2"": 8402, ""4"": 22917}",train,1.0
micrograph37__y00256_x00128.png,0.0,256.0,256.0,micrograph37,256.0,128.0,"{""0"": 11, ""1"": 31477, ""2"": 7414, ""4"": 26634}",train,1.0
micrograph37__y00256_x00256.png,0.0,256.0,256.0,micrograph37,256.0,256.0,"{""0"": 11, ""1"": 42773, ""2"": 13449, ""4"": 9303}",train,1.0
micrograph37__y00256_x00384.png,0.0,256.0,256.0,micrograph37,256.0,384.0,"{""1"": 47469, ""2"": 16502, ""4"": 1565}",train,1.0
micrograph37__y00256_x00512.png,0.0,256.0,256.0,micrograph37,256.0,512.0,"{""1"": 42626, ""2"": 11990, ""4"": 10920}",train,1.0
micrograph37__y00256_x00640.png,0.0,256.0,256.0,micrograph37,256.0,640.0,"{""1"": 37597, ""2"": 8018, ""4"": 19921}",train,1.0
micrograph37__y00256_x00768.png,0.0,256.0,256.0,micrograph37,256.0,768.0,"{""1"": 35488, ""2"": 7636, ""4"": 22412}",train,1.0
micrograph37__y00384_x00000.png,0.0,256.0,256.0,micrograph37,384.0,0.0,"{""1"": 39687, ""2"": 11721, ""4"": 14128}",train,1.0
micrograph37__y00384_x00128.png,0.0,256.0,256.0,micrograph37,384.0,128.0,"{""1"": 36468, ""2"": 9041, ""4"": 20027}",train,1.0
micrograph37__y00384_x00256.png,0.0,256.0,256.0,micrograph37,384.0,256.0,"{""1"": 39074, ""2"": 10207, ""4"": 16255}",train,1.0
micrograph37__y00384_x00384.png,0.0,256.0,256.0,micrograph37,384.0,384.0,"{""1"": 45231, ""2"": 14191, ""4"": 6114}",train,1.0
micrograph37__y00384_x00512.png,0.0,256.0,256.0,micrograph37,384.0,512.0,"{""1"": 45537, ""2"": 13279, ""4"": 6720}",train,1.0
micrograph37__y00384_x00640.png,0.0,256.0,256.0,micrograph37,384.0,640.0,"{""1"": 43533, ""2"": 12275, ""4"": 9728}",train,1.0
micrograph37__y00384_x00768.png,0.0,256.0,256.0,micrograph37,384.0,768.0,"{""1"": 43330, ""2"": 12965, ""4"": 9241}",train,1.0
micrograph38__y00000_x00000.png,0.0,256.0,256.0,micrograph38,0.0,0.0,"{""1"": 36420, ""2"": 29116}",train,1.0
micrograph38__y00000_x00128.png,0.0,256.0,256.0,micrograph38,0.0,128.0,"{""1"": 37225, ""2"": 28311}",train,1.0
micrograph38__y00000_x00256.png,0.0,256.0,256.0,micrograph38,0.0,256.0,"{""1"": 38133, ""2"": 27403}",train,1.0
micrograph38__y00000_x00384.png,0.0,256.0,256.0,micrograph38,0.0,384.0,"{""1"": 36134, ""2"": 27889, ""3"": 1513}",train,1.0
micrograph38__y00000_x00512.png,0.0,256.0,256.0,micrograph38,0.0,512.0,"{""1"": 35587, ""2"": 28436, ""3"": 1513}",train,1.0
micrograph38__y00000_x00640.png,0.0,256.0,256.0,micrograph38,0.0,640.0,"{""1"": 37749, ""2"": 27787}",train,1.0
micrograph38__y00000_x00768.png,0.0,256.0,256.0,micrograph38,0.0,768.0,"{""1"": 38637, ""2"": 26899}",train,1.0
micrograph38__y00128_x00000.png,0.0,256.0,256.0,micrograph38,128.0,0.0,"{""1"": 36714, ""2"": 28822}",train,1.0
micrograph38__y00128_x00128.png,0.0,256.0,256.0,micrograph38,128.0,128.0,"{""1"": 36101, ""2"": 29435}",train,1.0
micrograph38__y00128_x00256.png,0.0,256.0,256.0,micrograph38,128.0,256.0,"{""1"": 35942, ""2"": 29551, ""3"": 43}",train,1.0
micrograph38__y00128_x00384.png,0.0,256.0,256.0,micrograph38,128.0,384.0,"{""1"": 30392, ""2"": 31381, ""3"": 3763}",train,2.0
micrograph38__y00128_x00512.png,0.0,256.0,256.0,micrograph38,128.0,512.0,"{""1"": 30134, ""2"": 31682, ""3"": 3720}",train,2.0
micrograph38__y00128_x00640.png,0.0,256.0,256.0,micrograph38,128.0,640.0,"{""1"": 36182, ""2"": 29354}",train,1.0
micrograph38__y00128_x00768.png,0.0,256.0,256.0,micrograph38,128.0,768.0,"{""1"": 37267, ""2"": 28269}",train,1.0
micrograph38__y00256_x00000.png,0.0,256.0,256.0,micrograph38,256.0,0.0,"{""0"": 1551, ""1"": 37076, ""2"": 26909}",train,1.0
micrograph38__y00256_x00128.png,0.0,256.0,256.0,micrograph38,256.0,128.0,"{""0"": 1352, ""1"": 34050, ""2"": 28973, ""3"": 1161}",train,1.0
micrograph38__y00256_x00256.png,0.0,256.0,256.0,micrograph38,256.0,256.0,"{""0"": 92, ""1"": 30095, ""2"": 31341, ""3"": 4008}",train,2.0
micrograph38__y00256_x00384.png,0.0,256.0,256.0,micrograph38,256.0,384.0,"{""1"": 27481, ""2"": 32573, ""3"": 5482}",train,2.0
micrograph38__y00256_x00512.png,0.0,256.0,256.0,micrograph38,256.0,512.0,"{""1"": 31505, ""2"": 31396, ""3"": 2635}",train,1.0
micrograph38__y00256_x00640.png,0.0,256.0,256.0,micrograph38,256.0,640.0,"{""1"": 36113, ""2"": 29423}",train,1.0
micrograph38__y00256_x00768.png,0.0,256.0,256.0,micrograph38,256.0,768.0,"{""1"": 37906, ""2"": 27630}",train,1.0
micrograph38__y00384_x00000.png,0.0,256.0,256.0,micrograph38,384.0,0.0,"{""0"": 4921, ""1"": 34448, ""2"": 26167}",train,1.0
micrograph38__y00384_x00128.png,0.0,256.0,256.0,micrograph38,384.0,128.0,"{""0"": 3442, ""1"": 31292, ""2"": 28424, ""3"": 2378}",train,1.0
micrograph38__y00384_x00256.png,0.0,256.0,256.0,micrograph38,384.0,256.0,"{""0"": 1183, ""1"": 28794, ""2"": 30377, ""3"": 5182}",train,2.0
micrograph38__y00384_x00384.png,0.0,256.0,256.0,micrograph38,384.0,384.0,"{""0"": 585, ""1"": 31725, ""2"": 29994, ""3"": 3232}",train,1.0
micrograph38__y00384_x00512.png,0.0,256.0,256.0,micrograph38,384.0,512.0,"{""1"": 35916, ""2"": 29192, ""3"": 428}",train,1.0
micrograph38__y00384_x00640.png,0.0,256.0,256.0,micrograph38,384.0,640.0,"{""1"": 35955, ""2"": 29581}",train,1.0
micrograph38__y00384_x00768.png,0.0,256.0,256.0,micrograph38,384.0,768.0,"{""1"": 37789, ""2"": 27747}",train,1.0
micrograph39__y00000_x00000.png,0.0,256.0,256.0,micrograph39,0.0,0.0,"{""1"": 39003, ""2"": 26533}",train,1.0
micrograph39__y00000_x00128.png,0.0,256.0,256.0,micrograph39,0.0,128.0,"{""1"": 37335, ""2"": 28190, ""3"": 11}",train,1.0
micrograph39__y00000_x00256.png,0.0,256.0,256.0,micrograph39,0.0,256.0,"{""1"": 36938, ""2"": 28587, ""3"": 11}",train,1.0
micrograph39__y00000_x00384.png,0.0,256.0,256.0,micrograph39,0.0,384.0,"{""1"": 35904, ""2"": 29623, ""4"": 9}",train,1.0
micrograph39__y00000_x00512.png,0.0,256.0,256.0,micrograph39,0.0,512.0,"{""1"": 33856, ""2"": 27322, ""4"": 4358}",train,1.0
micrograph39__y00000_x00640.png,0.0,256.0,256.0,micrograph39,0.0,640.0,"{""1"": 33527, ""2"": 25084, ""4"": 6925}",train,1.0
micrograph39__y00000_x00768.png,0.0,256.0,256.0,micrograph39,0.0,768.0,"{""1"": 35988, ""2"": 26811, ""4"": 2737}",train,1.0
micrograph39__y00128_x00000.png,0.0,256.0,256.0,micrograph39,128.0,0.0,"{""0"": 521, ""1"": 37555, ""2"": 27460}",train,1.0
micrograph39__y00128_x00128.png,0.0,256.0,256.0,micrograph39,128.0,128.0,"{""0"": 480, ""1"": 34808, ""2"": 29073, ""3"": 1175}",train,1.0
micrograph39__y00128_x00256.png,0.0,256.0,256.0,micrograph39,128.0,256.0,"{""0"": 42, ""1"": 31044, ""2"": 30660, ""3"": 3790}",train,1.0
micrograph39__y00128_x00384.png,0.0,256.0,256.0,micrograph39,128.0,384.0,"{""1"": 32453, ""2"": 30459, ""3"": 2615, ""4"": 9}",train,1.0
micrograph39__y00128_x00512.png,0.0,256.0,256.0,micrograph39,128.0,512.0,"{""1"": 35644, ""2"": 26996, ""4"": 2896}",train,1.0
micrograph39__y00128_x00640.png,0.0,256.0,256.0,micrograph39,128.0,640.0,"{""1"": 35044, ""2"": 26273, ""4"": 4219}",train,1.0
micrograph39__y00128_x00768.png,0.0,256.0,256.0,micrograph39,128.0,768.0,"{""1"": 35027, ""2"": 28186, ""4"": 2323}",train,1.0
micrograph39__y00256_x00000.png,0.0,256.0,256.0,micrograph39,256.0,0.0,"{""0"": 555, ""1"": 36887, ""2"": 28094}",train,1.0
micrograph39__y00256_x00128.png,0.0,256.0,256.0,micrograph39,256.0,128.0,"{""0"": 624, ""1"": 35085, ""2"": 28663, ""3"": 1164}",train,1.0
micrograph39__y00256_x00256.png,0.0,256.0,256.0,micrograph39,256.0,256.0,"{""0"": 198, ""1"": 31179, ""2"": 30380, ""3"": 3779}",train,1.0
micrograph39__y00256_x00384.png,0.0,256.0,256.0,micrograph39,256.0,384.0,"{""0"": 46, ""1"": 33008, ""2"": 29867, ""3"": 2615}",train,1.0
micrograph39__y00256_x00512.png,0.0,256.0,256.0,micrograph39,256.0,512.0,"{""1"": 37137, ""2"": 27719, ""4"": 680}",train,1.0
micrograph39__y00256_x00640.png,0.0,256.0,256.0,micrograph39,256.0,640.0,"{""1"": 37303, ""2"": 26818, ""4"": 1415}",train,1.0
micrograph39__y00256_x00768.png,0.0,256.0,256.0,micrograph39,256.0,768.0,"{""1"": 37051, ""2"": 26759, ""4"": 1726}",train,1.0
micrograph39__y00384_x00000.png,0.0,256.0,256.0,micrograph39,384.0,0.0,"{""0"": 277, ""1"": 40650, ""2"": 24609}",train,1.0
micrograph39__y00384_x00128.png,0.0,256.0,256.0,micrograph39,384.0,128.0,"{""0"": 248, ""1"": 41404, ""2"": 23884}",train,1.0
micrograph39__y00384_x00256.png,0.0,256.0,256.0,micrograph39,384.0,256.0,"{""0"": 156, ""1"": 37911, ""2"": 27469}",train,1.0
micrograph39__y00384_x00384.png,0.0,256.0,256.0,micrograph39,384.0,384.0,"{""0"": 46, ""1"": 37305, ""2"": 28185}",train,1.0
micrograph39__y00384_x00512.png,0.0,256.0,256.0,micrograph39,384.0,512.0,"{""1"": 38904, ""2"": 26632}",train,1.0
micrograph39__y00384_x00640.png,0.0,256.0,256.0,micrograph39,384.0,640.0,"{""0"": 1, ""1"": 37532, ""2"": 28003}",train,1.0
micrograph39__y00384_x00768.png,0.0,256.0,256.0,micrograph39,384.0,768.0,"{""0"": 135, ""1"": 37715, ""2"": 27686}",train,1.0
micrograph4__y00000_x00000.png,0.0,256.0,256.0,micrograph4,0.0,0.0,"{""0"": 238, ""1"": 39666, ""2"": 25632}",val,1.0
micrograph4__y00000_x00128.png,0.0,256.0,256.0,micrograph4,0.0,128.0,"{""0"": 132, ""1"": 36837, ""2"": 28567}",val,1.0
micrograph4__y00000_x00256.png,0.0,256.0,256.0,micrograph4,0.0,256.0,"{""0"": 448, ""1"": 38864, ""2"": 26224}",val,1.0
micrograph4__y00000_x00384.png,0.0,256.0,256.0,micrograph4,0.0,384.0,"{""0"": 620, ""1"": 44053, ""2"": 20863}",val,1.0
micrograph4__y00000_x00512.png,0.0,256.0,256.0,micrograph4,0.0,512.0,"{""0"": 179, ""1"": 43096, ""2"": 22261}",val,1.0
micrograph4__y00000_x00640.png,0.0,256.0,256.0,micrograph4,0.0,640.0,"{""1"": 42750, ""2"": 22786}",val,1.0
micrograph4__y00000_x00768.png,0.0,256.0,256.0,micrograph4,0.0,768.0,"{""0"": 19, ""1"": 43164, ""2"": 22353}",val,1.0
micrograph4__y00128_x00000.png,0.0,256.0,256.0,micrograph4,128.0,0.0,"{""0"": 190, ""1"": 39446, ""2"": 25900}",val,1.0
micrograph4__y00128_x00128.png,0.0,256.0,256.0,micrograph4,128.0,128.0,"{""0"": 128, ""1"": 38087, ""2"": 27321}",val,1.0
micrograph4__y00128_x00256.png,0.0,256.0,256.0,micrograph4,128.0,256.0,"{""0"": 324, ""1"": 38822, ""2"": 26390}",val,1.0
micrograph4__y00128_x00384.png,0.0,256.0,256.0,micrograph4,128.0,384.0,"{""0"": 284, ""1"": 40883, ""2"": 24369}",val,1.0
micrograph4__y00128_x00512.png,0.0,256.0,256.0,micrograph4,128.0,512.0,"{""0"": 23, ""1"": 41663, ""2"": 23850}",val,1.0
micrograph4__y00128_x00640.png,0.0,256.0,256.0,micrograph4,128.0,640.0,"{""0"": 11, ""1"": 42702, ""2"": 22823}",val,1.0
micrograph4__y00128_x00768.png,0.0,256.0,256.0,micrograph4,128.0,768.0,"{""0"": 11, ""1"": 42341, ""2"": 23184}",val,1.0
micrograph4__y00256_x00000.png,0.0,256.0,256.0,micrograph4,256.0,0.0,"{""0"": 243, ""1"": 42777, ""2"": 22516}",val,1.0
micrograph4__y00256_x00128.png,0.0,256.0,256.0,micrograph4,256.0,128.0,"{""0"": 218, ""1"": 40977, ""2"": 24341}",val,1.0
micrograph4__y00256_x00256.png,0.0,256.0,256.0,micrograph4,256.0,256.0,"{""0"": 136, ""1"": 38751, ""2"": 26649}",val,1.0
micrograph4__y00256_x00384.png,0.0,256.0,256.0,micrograph4,256.0,384.0,"{""0"": 44, ""1"": 39160, ""2"": 26332}",val,1.0
micrograph4__y00256_x00512.png,0.0,256.0,256.0,micrograph4,256.0,512.0,"{""0"": 5, ""1"": 40908, ""2"": 24623}",val,1.0
micrograph4__y00256_x00640.png,0.0,256.0,256.0,micrograph4,256.0,640.0,"{""0"": 68, ""1"": 41007, ""2"": 24461}",val,1.0
micrograph4__y00256_x00768.png,0.0,256.0,256.0,micrograph4,256.0,768.0,"{""0"": 74, ""1"": 39984, ""2"": 25478}",val,1.0
micrograph4__y00384_x00000.png,0.0,256.0,256.0,micrograph4,384.0,0.0,"{""0"": 295, ""1"": 44107, ""2"": 21134}",val,1.0
micrograph4__y00384_x00128.png,0.0,256.0,256.0,micrograph4,384.0,128.0,"{""0"": 211, ""1"": 41105, ""2"": 24220}",val,1.0
micrograph4__y00384_x00256.png,0.0,256.0,256.0,micrograph4,384.0,256.0,"{""0"": 104, ""1"": 37633, ""2"": 27799}",val,1.0
micrograph4__y00384_x00384.png,0.0,256.0,256.0,micrograph4,384.0,384.0,"{""0"": 172, ""1"": 39787, ""2"": 25577}",val,1.0
micrograph4__y00384_x00512.png,0.0,256.0,256.0,micrograph4,384.0,512.0,"{""0"": 165, ""1"": 43080, ""2"": 22291}",val,1.0
micrograph4__y00384_x00640.png,0.0,256.0,256.0,micrograph4,384.0,640.0,"{""0"": 57, ""1"": 41589, ""2"": 23890}",val,1.0
micrograph4__y00384_x00768.png,0.0,256.0,256.0,micrograph4,384.0,768.0,"{""0"": 63, ""1"": 40157, ""2"": 25316}",val,1.0
micrograph40__y00000_x00000.png,0.0,256.0,256.0,micrograph40,0.0,0.0,"{""1"": 41983, ""2"": 16136, ""4"": 7417}",train,1.0
micrograph40__y00000_x00128.png,0.0,256.0,256.0,micrograph40,0.0,128.0,"{""1"": 41313, ""2"": 19523, ""4"": 4700}",train,1.0
micrograph40__y00000_x00256.png,0.0,256.0,256.0,micrograph40,0.0,256.0,"{""1"": 43410, ""2"": 21690, ""4"": 436}",train,1.0
micrograph40__y00000_x00384.png,0.0,256.0,256.0,micrograph40,0.0,384.0,"{""1"": 44346, ""2"": 21190}",train,1.0
micrograph40__y00000_x00512.png,0.0,256.0,256.0,micrograph40,0.0,512.0,"{""1"": 44115, ""2"": 21421}",train,1.0
micrograph40__y00000_x00640.png,0.0,256.0,256.0,micrograph40,0.0,640.0,"{""1"": 43100, ""2"": 22436}",train,1.0
micrograph40__y00000_x00768.png,0.0,256.0,256.0,micrograph40,0.0,768.0,"{""1"": 43198, ""2"": 22338}",train,1.0
micrograph40__y00128_x00000.png,0.0,256.0,256.0,micrograph40,128.0,0.0,"{""1"": 41742, ""2"": 14041, ""4"": 9753}",train,1.0
micrograph40__y00128_x00128.png,0.0,256.0,256.0,micrograph40,128.0,128.0,"{""1"": 40761, ""2"": 17087, ""4"": 7688}",train,1.0
micrograph40__y00128_x00256.png,0.0,256.0,256.0,micrograph40,128.0,256.0,"{""1"": 43869, ""2"": 20613, ""4"": 1054}",train,1.0
micrograph40__y00128_x00384.png,0.0,256.0,256.0,micrograph40,128.0,384.0,"{""1"": 45212, ""2"": 20322, ""4"": 2}",train,1.0
micrograph40__y00128_x00512.png,0.0,256.0,256.0,micrograph40,128.0,512.0,"{""1"": 46944, ""2"": 18592}",train,1.0
micrograph40__y00128_x00640.png,0.0,256.0,256.0,micrograph40,128.0,640.0,"{""1"": 47072, ""2"": 18464}",train,1.0
micrograph40__y00128_x00768.png,0.0,256.0,256.0,micrograph40,128.0,768.0,"{""1"": 46149, ""2"": 19387}",train,1.0
micrograph40__y00256_x00000.png,0.0,256.0,256.0,micrograph40,256.0,0.0,"{""1"": 45812, ""2"": 17017, ""4"": 2707}",train,1.0
micrograph40__y00256_x00128.png,0.0,256.0,256.0,micrograph40,256.0,128.0,"{""1"": 43216, ""2"": 15832, ""4"": 6488}",train,1.0
micrograph40__y00256_x00256.png,0.0,256.0,256.0,micrograph40,256.0,256.0,"{""1"": 42960, ""2"": 14309, ""4"": 8267}",train,1.0
micrograph40__y00256_x00384.png,0.0,256.0,256.0,micrograph40,256.0,384.0,"{""1"": 45061, ""2"": 13817, ""4"": 6658}",train,1.0
micrograph40__y00256_x00512.png,0.0,256.0,256.0,micrograph40,256.0,512.0,"{""1"": 48809, ""2"": 14555, ""4"": 2172}",train,1.0
micrograph40__y00256_x00640.png,0.0,256.0,256.0,micrograph40,256.0,640.0,"{""1"": 51049, ""2"": 14487}",train,1.0
micrograph40__y00256_x00768.png,0.0,256.0,256.0,micrograph40,256.0,768.0,"{""1"": 50035, ""2"": 15501}",train,1.0
micrograph40__y00384_x00000.png,0.0,256.0,256.0,micrograph40,384.0,0.0,"{""1"": 44780, ""2"": 15666, ""4"": 5090}",train,1.0
micrograph40__y00384_x00128.png,0.0,256.0,256.0,micrograph40,384.0,128.0,"{""1"": 44144, ""2"": 13715, ""4"": 7677}",train,1.0
micrograph40__y00384_x00256.png,0.0,256.0,256.0,micrograph40,384.0,256.0,"{""1"": 43503, ""2"": 12347, ""4"": 9686}",train,1.0
micrograph40__y00384_x00384.png,0.0,256.0,256.0,micrograph40,384.0,384.0,"{""1"": 43887, ""2"": 11860, ""4"": 9789}",train,1.0
micrograph40__y00384_x00512.png,0.0,256.0,256.0,micrograph40,384.0,512.0,"{""1"": 47533, ""2"": 13708, ""4"": 4295}",train,1.0
micrograph40__y00384_x00640.png,0.0,256.0,256.0,micrograph40,384.0,640.0,"{""1"": 49934, ""2"": 15587, ""4"": 15}",train,1.0
micrograph40__y00384_x00768.png,0.0,256.0,256.0,micrograph40,384.0,768.0,"{""1"": 49177, ""2"": 16344, ""4"": 15}",train,1.0
micrograph41__y00000_x00000.png,0.0,256.0,256.0,micrograph41,0.0,0.0,"{""1"": 21898, ""2"": 5140, ""4"": 38498}",train,4.0
micrograph41__y00000_x00128.png,0.0,256.0,256.0,micrograph41,0.0,128.0,"{""1"": 32393, ""2"": 7258, ""4"": 25885}",train,1.0
micrograph41__y00000_x00256.png,0.0,256.0,256.0,micrograph41,0.0,256.0,"{""1"": 39314, ""2"": 12353, ""4"": 13869}",train,1.0
micrograph41__y00000_x00384.png,0.0,256.0,256.0,micrograph41,0.0,384.0,"{""1"": 43538, ""2"": 18184, ""4"": 3814}",train,1.0
micrograph41__y00000_x00512.png,0.0,256.0,256.0,micrograph41,0.0,512.0,"{""1"": 40392, ""2"": 21965, ""4"": 3179}",train,1.0
micrograph41__y00000_x00640.png,0.0,256.0,256.0,micrograph41,0.0,640.0,"{""1"": 38974, ""2"": 24406, ""4"": 2156}",train,1.0
micrograph41__y00000_x00768.png,0.0,256.0,256.0,micrograph41,0.0,768.0,"{""1"": 39831, ""2"": 25705}",train,1.0
micrograph41__y00128_x00000.png,0.0,256.0,256.0,micrograph41,128.0,0.0,"{""1"": 22082, ""2"": 7202, ""4"": 36252}",train,4.0
micrograph41__y00128_x00128.png,0.0,256.0,256.0,micrograph41,128.0,128.0,"{""1"": 31593, ""2"": 9376, ""4"": 24567}",train,1.0
micrograph41__y00128_x00256.png,0.0,256.0,256.0,micrograph41,128.0,256.0,"{""1"": 39480, ""2"": 14071, ""4"": 11985}",train,1.0
micrograph41__y00128_x00384.png,0.0,256.0,256.0,micrograph41,128.0,384.0,"{""1"": 41159, ""2"": 21775, ""4"": 2602}",train,1.0
micrograph41__y00128_x00512.png,0.0,256.0,256.0,micrograph41,128.0,512.0,"{""1"": 38661, ""2"": 26875}",train,1.0
micrograph41__y00128_x00640.png,0.0,256.0,256.0,micrograph41,128.0,640.0,"{""1"": 36690, ""2"": 28839, ""4"": 7}",train,1.0
micrograph41__y00128_x00768.png,0.0,256.0,256.0,micrograph41,128.0,768.0,"{""1"": 35414, ""2"": 26686, ""4"": 3436}",train,1.0
micrograph41__y00256_x00000.png,0.0,256.0,256.0,micrograph41,256.0,0.0,"{""1"": 26061, ""2"": 13805, ""4"": 25670}",train,1.0
micrograph41__y00256_x00128.png,0.0,256.0,256.0,micrograph41,256.0,128.0,"{""1"": 30256, ""2"": 13227, ""4"": 22053}",train,1.0
micrograph41__y00256_x00256.png,0.0,256.0,256.0,micrograph41,256.0,256.0,"{""1"": 37327, ""2"": 16409, ""4"": 11800}",train,1.0
micrograph41__y00256_x00384.png,0.0,256.0,256.0,micrograph41,256.0,384.0,"{""1"": 36546, ""2"": 27535, ""4"": 1455}",train,1.0
micrograph41__y00256_x00512.png,0.0,256.0,256.0,micrograph41,256.0,512.0,"{""1"": 34330, ""2"": 31206}",train,1.0
micrograph41__y00256_x00640.png,0.0,256.0,256.0,micrograph41,256.0,640.0,"{""1"": 34324, ""2"": 27904, ""4"": 3308}",train,1.0
micrograph41__y00256_x00768.png,0.0,256.0,256.0,micrograph41,256.0,768.0,"{""1"": 31726, ""2"": 19265, ""4"": 14545}",train,1.0
micrograph41__y00384_x00000.png,0.0,256.0,256.0,micrograph41,384.0,0.0,"{""1"": 32512, ""2"": 18438, ""4"": 14586}",train,1.0
micrograph41__y00384_x00128.png,0.0,256.0,256.0,micrograph41,384.0,128.0,"{""1"": 34274, ""2"": 20006, ""4"": 11256}",train,1.0
micrograph41__y00384_x00256.png,0.0,256.0,256.0,micrograph41,384.0,256.0,"{""1"": 37953, ""2"": 22636, ""4"": 4947}",train,1.0
micrograph41__y00384_x00384.png,0.0,256.0,256.0,micrograph41,384.0,384.0,"{""1"": 40064, ""2"": 25472}",train,1.0
micrograph41__y00384_x00512.png,0.0,256.0,256.0,micrograph41,384.0,512.0,"{""1"": 38411, ""2"": 27125}",train,1.0
micrograph41__y00384_x00640.png,0.0,256.0,256.0,micrograph41,384.0,640.0,"{""1"": 34939, ""2"": 27296, ""4"": 3301}",train,1.0
micrograph41__y00384_x00768.png,0.0,256.0,256.0,micrograph41,384.0,768.0,"{""1"": 32730, ""2"": 21697, ""4"": 11109}",train,1.0
micrograph5__y00000_x00000.png,0.0,256.0,256.0,micrograph5,0.0,0.0,"{""1"": 38342, ""2"": 16530, ""4"": 10664}",test,1.0
micrograph5__y00000_x00128.png,0.0,256.0,256.0,micrograph5,0.0,128.0,"{""1"": 36532, ""2"": 22999, ""4"": 6005}",test,1.0
micrograph5__y00000_x00256.png,0.0,256.0,256.0,micrograph5,0.0,256.0,"{""1"": 36169, ""2"": 29182, ""4"": 185}",test,1.0
micrograph5__y00000_x00384.png,0.0,256.0,256.0,micrograph5,0.0,384.0,"{""1"": 38727, ""2"": 26809}",test,1.0
micrograph5__y00000_x00512.png,0.0,256.0,256.0,micrograph5,0.0,512.0,"{""1"": 39098, ""2"": 26438}",test,1.0
micrograph5__y00000_x00640.png,0.0,256.0,256.0,micrograph5,0.0,640.0,"{""1"": 37643, ""2"": 27581, ""4"": 312}",test,1.0
micrograph5__y00000_x00768.png,0.0,256.0,256.0,micrograph5,0.0,768.0,"{""1"": 37533, ""2"": 24912, ""4"": 3091}",test,1.0
micrograph5__y00128_x00000.png,0.0,256.0,256.0,micrograph5,128.0,0.0,"{""1"": 35571, ""2"": 20264, ""4"": 9701}",test,1.0
micrograph5__y00128_x00128.png,0.0,256.0,256.0,micrograph5,128.0,128.0,"{""1"": 36381, ""2"": 23891, ""4"": 5264}",test,1.0
micrograph5__y00128_x00256.png,0.0,256.0,256.0,micrograph5,128.0,256.0,"{""1"": 37736, ""2"": 26899, ""4"": 901}",test,1.0
micrograph5__y00128_x00384.png,0.0,256.0,256.0,micrograph5,128.0,384.0,"{""1"": 39411, ""2"": 25409, ""4"": 716}",test,1.0
micrograph5__y00128_x00512.png,0.0,256.0,256.0,micrograph5,128.0,512.0,"{""1"": 39133, ""2"": 26210, ""4"": 193}",test,1.0
micrograph5__y00128_x00640.png,0.0,256.0,256.0,micrograph5,128.0,640.0,"{""1"": 35697, ""2"": 28207, ""4"": 1632}",test,1.0
micrograph5__y00128_x00768.png,0.0,256.0,256.0,micrograph5,128.0,768.0,"{""1"": 35675, ""2"": 26147, ""4"": 3714}",test,1.0
micrograph5__y00256_x00000.png,0.0,256.0,256.0,micrograph5,256.0,0.0,"{""1"": 40290, ""2"": 23876, ""4"": 1370}",test,1.0
micrograph5__y00256_x00128.png,0.0,256.0,256.0,micrograph5,256.0,128.0,"{""1"": 40662, ""2"": 23031, ""4"": 1843}",test,1.0
micrograph5__y00256_x00256.png,0.0,256.0,256.0,micrograph5,256.0,256.0,"{""1"": 37823, ""2"": 21294, ""4"": 6419}",test,1.0
micrograph5__y00256_x00384.png,0.0,256.0,256.0,micrograph5,256.0,384.0,"{""1"": 39741, ""2"": 19849, ""4"": 5946}",test,1.0
micrograph5__y00256_x00512.png,0.0,256.0,256.0,micrograph5,256.0,512.0,"{""1"": 41322, ""2"": 21795, ""4"": 2419}",test,1.0
micrograph5__y00256_x00640.png,0.0,256.0,256.0,micrograph5,256.0,640.0,"{""1"": 36069, ""2"": 24373, ""4"": 5094}",test,1.0
micrograph5__y00256_x00768.png,0.0,256.0,256.0,micrograph5,256.0,768.0,"{""1"": 35051, ""2"": 25535, ""4"": 4950}",test,1.0
micrograph5__y00384_x00000.png,0.0,256.0,256.0,micrograph5,384.0,0.0,"{""1"": 40616, ""2"": 18473, ""4"": 6447}",test,1.0
micrograph5__y00384_x00128.png,0.0,256.0,256.0,micrograph5,384.0,128.0,"{""1"": 38277, ""2"": 20791, ""4"": 6468}",test,1.0
micrograph5__y00384_x00256.png,0.0,256.0,256.0,micrograph5,384.0,256.0,"{""1"": 33311, ""2"": 20794, ""4"": 11431}",test,1.0
micrograph5__y00384_x00384.png,0.0,256.0,256.0,micrograph5,384.0,384.0,"{""1"": 38890, ""2"": 15702, ""4"": 10944}",test,1.0
micrograph5__y00384_x00512.png,0.0,256.0,256.0,micrograph5,384.0,512.0,"{""1"": 43256, ""2"": 19877, ""4"": 2403}",test,1.0
micrograph5__y00384_x00640.png,0.0,256.0,256.0,micrograph5,384.0,640.0,"{""1"": 36740, ""2"": 24955, ""4"": 3841}",test,1.0
micrograph5__y00384_x00768.png,0.0,256.0,256.0,micrograph5,384.0,768.0,"{""1"": 36709, ""2"": 27389, ""4"": 1438}",test,1.0
micrograph6__y00000_x00000.png,0.0,256.0,256.0,micrograph6,0.0,0.0,"{""1"": 34913, ""2"": 22467, ""4"": 8156}",test,1.0
micrograph6__y00000_x00128.png,0.0,256.0,256.0,micrograph6,0.0,128.0,"{""1"": 33366, ""2"": 23421, ""4"": 8749}",test,1.0
micrograph6__y00000_x00256.png,0.0,256.0,256.0,micrograph6,0.0,256.0,"{""1"": 36187, ""2"": 28737, ""4"": 612}",test,1.0
micrograph6__y00000_x00384.png,0.0,256.0,256.0,micrograph6,0.0,384.0,"{""1"": 38235, ""2"": 19923, ""4"": 7378}",test,1.0
micrograph6__y00000_x00512.png,0.0,256.0,256.0,micrograph6,0.0,512.0,"{""1"": 33716, ""2"": 9254, ""4"": 22566}",test,1.0
micrograph6__y00000_x00640.png,0.0,256.0,256.0,micrograph6,0.0,640.0,"{""1"": 28192, ""2"": 10443, ""4"": 26901}",test,1.0
micrograph6__y00000_x00768.png,0.0,256.0,256.0,micrograph6,0.0,768.0,"{""1"": 30860, ""2"": 12890, ""4"": 21786}",test,1.0
micrograph6__y00128_x00000.png,0.0,256.0,256.0,micrograph6,128.0,0.0,"{""1"": 37522, ""2"": 27872, ""4"": 142}",test,1.0
micrograph6__y00128_x00128.png,0.0,256.0,256.0,micrograph6,128.0,128.0,"{""1"": 38236, ""2"": 27158, ""4"": 142}",test,1.0
micrograph6__y00128_x00256.png,0.0,256.0,256.0,micrograph6,128.0,256.0,"{""1"": 37973, ""2"": 27555, ""4"": 8}",test,1.0
micrograph6__y00128_x00384.png,0.0,256.0,256.0,micrograph6,128.0,384.0,"{""1"": 37240, ""2"": 18188, ""3"": 79, ""4"": 10029}",test,1.0
micrograph6__y00128_x00512.png,0.0,256.0,256.0,micrograph6,128.0,512.0,"{""1"": 33382, ""2"": 9705, ""3"": 79, ""4"": 22370}",test,1.0
micrograph6__y00128_x00640.png,0.0,256.0,256.0,micrograph6,128.0,640.0,"{""1"": 30790, ""2"": 13152, ""4"": 21594}",test,1.0
micrograph6__y00128_x00768.png,0.0,256.0,256.0,micrograph6,128.0,768.0,"{""1"": 27552, ""2"": 12150, ""4"": 25834}",test,1.0
micrograph6__y00256_x00000.png,0.0,256.0,256.0,micrograph6,256.0,0.0,"{""1"": 37754, ""2"": 27782}",test,1.0
micrograph6__y00256_x00128.png,0.0,256.0,256.0,micrograph6,256.0,128.0,"{""1"": 38211, ""2"": 26415, ""4"": 910}",test,1.0
micrograph6__y00256_x00256.png,0.0,256.0,256.0,micrograph6,256.0,256.0,"{""1"": 36775, ""2"": 22577, ""4"": 6184}",test,1.0
micrograph6__y00256_x00384.png,0.0,256.0,256.0,micrograph6,256.0,384.0,"{""1"": 37156, ""2"": 14292, ""3"": 79, ""4"": 14009}",test,1.0
micrograph6__y00256_x00512.png,0.0,256.0,256.0,micrograph6,256.0,512.0,"{""1"": 38332, ""2"": 9505, ""3"": 79, ""4"": 17620}",test,1.0
micrograph6__y00256_x00640.png,0.0,256.0,256.0,micrograph6,256.0,640.0,"{""1"": 39281, ""2"": 15342, ""4"": 10913}",test,1.0
micrograph6__y00256_x00768.png,0.0,256.0,256.0,micrograph6,256.0,768.0,"{""1"": 36317, ""2"": 18460, ""4"": 10759}",test,1.0
micrograph6__y00384_x00000.png,0.0,256.0,256.0,micrograph6,384.0,0.0,"{""1"": 38208, ""2"": 27328}",test,1.0
micrograph6__y00384_x00128.png,0.0,256.0,256.0,micrograph6,384.0,128.0,"{""1"": 34100, ""2"": 25159, ""4"": 6277}",test,1.0
micrograph6__y00384_x00256.png,0.0,256.0,256.0,micrograph6,384.0,256.0,"{""1"": 32366, ""2"": 17362, ""4"": 15808}",test,1.0
micrograph6__y00384_x00384.png,0.0,256.0,256.0,micrograph6,384.0,384.0,"{""1"": 39739, ""2"": 13853, ""4"": 11944}",test,1.0
micrograph6__y00384_x00512.png,0.0,256.0,256.0,micrograph6,384.0,512.0,"{""1"": 41949, ""2"": 11789, ""4"": 11798}",test,1.0
micrograph6__y00384_x00640.png,0.0,256.0,256.0,micrograph6,384.0,640.0,"{""1"": 40916, ""2"": 14634, ""4"": 9986}",test,1.0
micrograph6__y00384_x00768.png,0.0,256.0,256.0,micrograph6,384.0,768.0,"{""1"": 42035, ""2"": 19192, ""4"": 4309}",test,1.0
micrograph7__y00000_x00000.png,0.0,256.0,256.0,micrograph7,0.0,0.0,"{""1"": 17195, ""2"": 5474, ""4"": 42867}",train,4.0
micrograph7__y00000_x00128.png,0.0,256.0,256.0,micrograph7,0.0,128.0,"{""1"": 24211, ""2"": 9219, ""4"": 32106}",train,4.0
micrograph7__y00000_x00256.png,0.0,256.0,256.0,micrograph7,0.0,256.0,"{""1"": 31242, ""2"": 20232, ""4"": 14062}",train,1.0
micrograph7__y00000_x00384.png,0.0,256.0,256.0,micrograph7,0.0,384.0,"{""1"": 38685, ""2"": 26851}",train,1.0
micrograph7__y00000_x00512.png,0.0,256.0,256.0,micrograph7,0.0,512.0,"{""1"": 37329, ""2"": 20619, ""4"": 7588}",train,1.0
micrograph7__y00000_x00640.png,0.0,256.0,256.0,micrograph7,0.0,640.0,"{""1"": 34862, ""2"": 15887, ""4"": 14787}",train,1.0
micrograph7__y00000_x00768.png,0.0,256.0,256.0,micrograph7,0.0,768.0,"{""1"": 39158, ""2"": 17461, ""4"": 8917}",train,1.0
micrograph7__y00128_x00000.png,0.0,256.0,256.0,micrograph7,128.0,0.0,"{""1"": 33823, ""2"": 17304, ""4"": 14409}",train,1.0
micrograph7__y00128_x00128.png,0.0,256.0,256.0,micrograph7,128.0,128.0,"{""1"": 28052, ""2"": 12357, ""4"": 25127}",train,1.0
micrograph7__y00128_x00256.png,0.0,256.0,256.0,micrograph7,128.0,256.0,"{""1"": 28448, ""2"": 16006, ""4"": 21082}",train,1.0
micrograph7__y00128_x00384.png,0.0,256.0,256.0,micrograph7,128.0,384.0,"{""1"": 35368, ""2"": 23763, ""4"": 6405}",train,1.0
micrograph7__y00128_x00512.png,0.0,256.0,256.0,micrograph7,128.0,512.0,"{""1"": 34133, ""2"": 19665, ""4"": 11738}",train,1.0
micrograph7__y00128_x00640.png,0.0,256.0,256.0,micrograph7,128.0,640.0,"{""1"": 38801, ""2"": 17913, ""4"": 8822}",train,1.0
micrograph7__y00128_x00768.png,0.0,256.0,256.0,micrograph7,128.0,768.0,"{""1"": 42554, ""2"": 20701, ""4"": 2281}",train,1.0
micrograph7__y00256_x00000.png,0.0,256.0,256.0,micrograph7,256.0,0.0,"{""1"": 38767, ""2"": 26769}",train,1.0
micrograph7__y00256_x00128.png,0.0,256.0,256.0,micrograph7,256.0,128.0,"{""1"": 35115, ""2"": 19914, ""4"": 10507}",train,1.0
micrograph7__y00256_x00256.png,0.0,256.0,256.0,micrograph7,256.0,256.0,"{""1"": 31493, ""2"": 13013, ""4"": 21030}",train,1.0
micrograph7__y00256_x00384.png,0.0,256.0,256.0,micrograph7,256.0,384.0,"{""1"": 23172, ""2"": 12525, ""4"": 29839}",train,4.0
micrograph7__y00256_x00512.png,0.0,256.0,256.0,micrograph7,256.0,512.0,"{""1"": 21676, ""2"": 9754, ""4"": 34106}",train,4.0
micrograph7__y00256_x00640.png,0.0,256.0,256.0,micrograph7,256.0,640.0,"{""1"": 34573, ""2"": 14869, ""4"": 16094}",train,1.0
micrograph7__y00256_x00768.png,0.0,256.0,256.0,micrograph7,256.0,768.0,"{""1"": 41886, ""2"": 22346, ""4"": 1304}",train,1.0
micrograph7__y00384_x00000.png,0.0,256.0,256.0,micrograph7,384.0,0.0,"{""1"": 37946, ""2"": 27590}",train,1.0
micrograph7__y00384_x00128.png,0.0,256.0,256.0,micrograph7,384.0,128.0,"{""1"": 38583, ""2"": 24089, ""4"": 2864}",train,1.0
micrograph7__y00384_x00256.png,0.0,256.0,256.0,micrograph7,384.0,256.0,"{""1"": 35283, ""2"": 17307, ""4"": 12946}",train,1.0
micrograph7__y00384_x00384.png,0.0,256.0,256.0,micrograph7,384.0,384.0,"{""1"": 27884, ""2"": 12855, ""4"": 24797}",train,1.0
micrograph7__y00384_x00512.png,0.0,256.0,256.0,micrograph7,384.0,512.0,"{""1"": 28301, ""2"": 14127, ""4"": 23108}",train,1.0
micrograph7__y00384_x00640.png,0.0,256.0,256.0,micrograph7,384.0,640.0,"{""1"": 35017, ""2"": 19818, ""4"": 10701}",train,1.0
micrograph7__y00384_x00768.png,0.0,256.0,256.0,micrograph7,384.0,768.0,"{""1"": 38636, ""2"": 24526, ""4"": 2374}",train,1.0
micrograph8__y00000_x00000.png,0.0,256.0,256.0,micrograph8,0.0,0.0,"{""1"": 32985, ""2"": 24994, ""4"": 7557}",train,1.0
micrograph8__y00000_x00128.png,0.0,256.0,256.0,micrograph8,0.0,128.0,"{""0"": 138, ""1"": 29817, ""2"": 23269, ""4"": 12312}",train,1.0
micrograph8__y00000_x00256.png,0.0,256.0,256.0,micrograph8,0.0,256.0,"{""0"": 985, ""1"": 29298, ""2"": 20759, ""4"": 14494}",train,1.0
micrograph8__y00000_x00384.png,0.0,256.0,256.0,micrograph8,0.0,384.0,"{""0"": 1298, ""1"": 32017, ""2"": 21266, ""4"": 10955}",train,1.0
micrograph8__y00000_x00512.png,0.0,256.0,256.0,micrograph8,0.0,512.0,"{""0"": 490, ""1"": 33383, ""2"": 21063, ""4"": 10600}",train,1.0
micrograph8__y00000_x00640.png,0.0,256.0,256.0,micrograph8,0.0,640.0,"{""0"": 404, ""1"": 31685, ""2"": 18862, ""4"": 14585}",train,1.0
micrograph8__y00000_x00768.png,0.0,256.0,256.0,micrograph8,0.0,768.0,"{""0"": 630, ""1"": 32161, ""2"": 19601, ""4"": 13144}",train,1.0
micrograph8__y00128_x00000.png,0.0,256.0,256.0,micrograph8,128.0,0.0,"{""1"": 35980, ""2"": 29483, ""4"": 73}",train,1.0
micrograph8__y00128_x00128.png,0.0,256.0,256.0,micrograph8,128.0,128.0,"{""0"": 290, ""1"": 33549, ""2"": 29868, ""4"": 1829}",train,1.0
micrograph8__y00128_x00256.png,0.0,256.0,256.0,micrograph8,128.0,256.0,"{""0"": 1494, ""1"": 32324, ""2"": 24575, ""4"": 7143}",train,1.0
micrograph8__y00128_x00384.png,0.0,256.0,256.0,micrograph8,128.0,384.0,"{""0"": 1758, ""1"": 30558, ""2"": 18573, ""4"": 14647}",train,1.0
micrograph8__y00128_x00512.png,0.0,256.0,256.0,micrograph8,128.0,512.0,"{""0"": 593, ""1"": 33084, ""2"": 20266, ""4"": 11593}",train,1.0
micrograph8__y00128_x00640.png,0.0,256.0,256.0,micrograph8,128.0,640.0,"{""0"": 685, ""1"": 35069, ""2"": 21818, ""4"": 7964}",train,1.0
micrograph8__y00128_x00768.png,0.0,256.0,256.0,micrograph8,128.0,768.0,"{""0"": 750, ""1"": 34265, ""2"": 18541, ""4"": 11980}",train,1.0
micrograph8__y00256_x00000.png,0.0,256.0,256.0,micrograph8,256.0,0.0,"{""1"": 34057, ""2"": 27775, ""4"": 3704}",train,1.0
micrograph8__y00256_x00128.png,0.0,256.0,256.0,micrograph8,256.0,128.0,"{""0"": 224, ""1"": 32363, ""2"": 26013, ""4"": 6936}",train,1.0
micrograph8__y00256_x00256.png,0.0,256.0,256.0,micrograph8,256.0,256.0,"{""0"": 693, ""1"": 32343, ""2"": 19741, ""4"": 12759}",train,1.0
micrograph8__y00256_x00384.png,0.0,256.0,256.0,micrograph8,256.0,384.0,"{""0"": 656, ""1"": 29170, ""2"": 12978, ""4"": 22732}",train,1.0
micrograph8__y00256_x00512.png,0.0,256.0,256.0,micrograph8,256.0,512.0,"{""0"": 610, ""1"": 32951, ""2"": 17548, ""4"": 14427}",train,1.0
micrograph8__y00256_x00640.png,0.0,256.0,256.0,micrograph8,256.0,640.0,"{""0"": 1011, ""1"": 35657, ""2"": 21215, ""4"": 7653}",train,1.0
micrograph8__y00256_x00768.png,0.0,256.0,256.0,micrograph8,256.0,768.0,"{""0"": 645, ""1"": 34229, ""2"": 15659, ""4"": 15003}",train,1.0
micrograph8__y00384_x00000.png,0.0,256.0,256.0,micrograph8,384.0,0.0,"{""1"": 30986, ""2"": 22739, ""4"": 11811}",train,1.0
micrograph8__y00384_x00128.png,0.0,256.0,256.0,micrograph8,384.0,128.0,"{""1"": 30431, ""2"": 17992, ""4"": 17113}",train,1.0
micrograph8__y00384_x00256.png,0.0,256.0,256.0,micrograph8,384.0,256.0,"{""1"": 33344, ""2"": 19006, ""4"": 13186}",train,1.0
micrograph8__y00384_x00384.png,0.0,256.0,256.0,micrograph8,384.0,384.0,"{""0"": 4, ""1"": 30264, ""2"": 16479, ""4"": 18789}",train,1.0
micrograph8__y00384_x00512.png,0.0,256.0,256.0,micrograph8,384.0,512.0,"{""0"": 427, ""1"": 33088, ""2"": 15910, ""4"": 16111}",train,1.0
micrograph8__y00384_x00640.png,0.0,256.0,256.0,micrograph8,384.0,640.0,"{""0"": 526, ""1"": 35269, ""2"": 19204, ""4"": 10537}",train,1.0
micrograph8__y00384_x00768.png,0.0,256.0,256.0,micrograph8,384.0,768.0,"{""0"": 103, ""1"": 31405, ""2"": 18595, ""4"": 15433}",train,1.0
micrograph9__y00000_x00000.png,0.0,256.0,256.0,micrograph9,0.0,0.0,"{""1"": 36252, ""2"": 21932, ""4"": 7352}",test,1.0
micrograph9__y00000_x00128.png,0.0,256.0,256.0,micrograph9,0.0,128.0,"{""1"": 39540, ""2"": 21547, ""4"": 4449}",test,1.0
micrograph9__y00000_x00256.png,0.0,256.0,256.0,micrograph9,0.0,256.0,"{""1"": 36648, ""2"": 23405, ""4"": 5483}",test,1.0
micrograph9__y00000_x00384.png,0.0,256.0,256.0,micrograph9,0.0,384.0,"{""1"": 32609, ""2"": 29170, ""4"": 3757}",test,1.0
micrograph9__y00000_x00512.png,0.0,256.0,256.0,micrograph9,0.0,512.0,"{""1"": 29676, ""2"": 26755, ""4"": 9105}",test,1.0
micrograph9__y00000_x00640.png,0.0,256.0,256.0,micrograph9,0.0,640.0,"{""1"": 19559, ""2"": 13196, ""4"": 32781}",test,4.0
micrograph9__y00128_x00000.png,0.0,256.0,256.0,micrograph9,128.0,0.0,"{""1"": 38864, ""2"": 24565, ""4"": 2107}",test,1.0
micrograph9__y00128_x00128.png,0.0,256.0,256.0,micrograph9,128.0,128.0,"{""1"": 40475, ""2"": 21845, ""4"": 3216}",test,1.0
micrograph9__y00128_x00256.png,0.0,256.0,256.0,micrograph9,128.0,256.0,"{""1"": 37998, ""2"": 26429, ""4"": 1109}",test,1.0
micrograph9__y00128_x00384.png,0.0,256.0,256.0,micrograph9,128.0,384.0,"{""1"": 33728, ""2"": 31808}",test,1.0
micrograph9__y00128_x00512.png,0.0,256.0,256.0,micrograph9,128.0,512.0,"{""1"": 31495, ""2"": 31450, ""4"": 2591}",test,1.0
micrograph9__y00128_x00640.png,0.0,256.0,256.0,micrograph9,128.0,640.0,"{""1"": 25165, ""2"": 21758, ""4"": 18613}",test,1.0
micrograph9__y00256_x00000.png,0.0,256.0,256.0,micrograph9,256.0,0.0,"{""1"": 37845, ""2"": 25499, ""4"": 2192}",test,1.0
micrograph9__y00256_x00128.png,0.0,256.0,256.0,micrograph9,256.0,128.0,"{""1"": 37173, ""2"": 25147, ""4"": 3216}",test,1.0
micrograph9__y00256_x00256.png,0.0,256.0,256.0,micrograph9,256.0,256.0,"{""1"": 35495, ""2"": 28932, ""4"": 1109}",test,1.0
micrograph9__y00256_x00384.png,0.0,256.0,256.0,micrograph9,256.0,384.0,"{""1"": 33448, ""2"": 32088}",test,1.0
micrograph9__y00256_x00512.png,0.0,256.0,256.0,micrograph9,256.0,512.0,"{""1"": 33739, ""2"": 31750, ""4"": 47}",test,1.0
micrograph9__y00256_x00640.png,0.0,256.0,256.0,micrograph9,256.0,640.0,"{""1"": 31870, ""2"": 30023, ""4"": 3643}",test,1.0
micrograph9__y00384_x00000.png,0.0,256.0,256.0,micrograph9,384.0,0.0,"{""1"": 31563, ""2"": 20438, ""4"": 13535}",test,1.0
micrograph9__y00384_x00128.png,0.0,256.0,256.0,micrograph9,384.0,128.0,"{""1"": 37248, ""2"": 27777, ""4"": 511}",test,1.0
micrograph9__y00384_x00256.png,0.0,256.0,256.0,micrograph9,384.0,256.0,"{""1"": 34015, ""2"": 31521}",test,1.0
micrograph9__y00384_x00384.png,0.0,256.0,256.0,micrograph9,384.0,384.0,"{""1"": 32593, ""2"": 32943}",test,2.0
micrograph9__y00384_x00512.png,0.0,256.0,256.0,micrograph9,384.0,512.0,"{""1"": 34455, ""2"": 31081}",test,1.0
micrograph9__y00384_x00640.png,0.0,256.0,256.0,micrograph9,384.0,640.0,"{""1"": 35201, ""2"": 30335}",test,1.0
